"","MEblack","MEblue","MEbrown","MEcyan","MEgreen","MEgreenyellow","MEgrey60","MElightcyan","MElightgreen","MEmagenta","MEmidnightblue","MEpink","MEpurple","MEred","MEsalmon","MEtan","MEturquoise","MEyellow"
"J1_14SC1_1",-0.0807511823359871,-0.0842141004012757,0.139509313757153,-0.0583509172625955,0.0736699836240524,-0.0486422314654483,-0.0432148742349715,0.270330148165346,-0.0496180874761229,-0.0190664410872037,-0.0414102535210434,-0.0708289511312555,-0.0701323803390884,-0.0651441814614154,0.349538832716839,-0.150169237287825,-0.0353414509587819,0.0374598331843977
"J1_14SC1_2",-0.0599394589775386,-0.0321196521776712,0.0964708505265013,-0.0365620896037127,0.0428941175391758,-0.10643091643243,-0.0326349351540312,-0.0242614087161594,-0.0338869466677301,-0.0217928421103185,-0.0351193638311476,-0.0562127952798459,-0.0350049311295189,0.179062929867448,-0.0371410679947174,-0.148600064783404,0.00507758654852791,0.0653847277942946
"J1_14SC1_3",-0.060803126540579,0.118817715436063,-0.0731056559943022,-0.0423010958538782,-0.106909270813529,-0.0542451404483079,-0.0333168805174309,0.368925146434704,-0.0464840614607563,-0.0548059362728023,-0.0194571995193814,-0.0617687263354678,-0.0431514808928821,-0.0524400014110656,-0.0243009772663031,0.00519956133724875,-0.0158070500109907,0.175722030621715
"J1_14SC1_4",0.325937548935442,0.0945406610647367,-0.130285661556204,-0.0248722312249547,-0.0944853427927169,0.0900455095989562,-0.039295171065577,-0.0383669428497919,0.0131521335251994,-0.0463217515086891,-0.0310701311885817,-0.0417973094506327,0.434307156827645,-0.0476946234501729,-0.0692128841012344,0.187725831705532,-0.0598861400008935,0.137589190196064
"J1_14SC2_1",-0.03713771498398,0.187229154851393,-0.132089372303518,0.406613400961956,-0.13238438724217,-0.0621819148329072,-0.0569040954328177,-0.033847630307661,-0.0295528013625702,-0.0523513149037597,-0.036625338887642,-0.0384846115895693,-0.0312188910191151,-0.0463004271235902,-0.0569433454784755,0.0557476697331013,-0.0305538288492794,0.236499077450066
"J1_14SC2_2",0.217144514603467,0.130338053844965,-0.125735981386822,0.328224035007699,-0.105442252496179,0.018466852885425,-0.0529235990944923,-0.0602538674040871,-0.0287882965543433,-0.038631732132394,-0.0426384034724147,-0.0353463204308597,-0.046323328002574,-0.0722628456711549,-0.0729334625388964,0.131864841757105,-0.0527944152499749,-0.00200127301196032
"J1_14SC2_3",0.206785187774203,0.221303131764724,-0.0779173652802099,-0.0371051213828085,-0.139149600622689,-0.0797922693941852,-0.035267506306042,0.0733373356199063,-0.0270851646224063,-0.0188852027052772,-0.0430310232419439,0.227297619543184,-0.055897379630636,-0.0628224291974651,-0.0557149722602542,0.0664995367154881,-0.0195014095991815,0.0224905757128731
"J1_14SC3_1",-0.00925207606159716,0.0076203727494547,-0.00349100563517701,-0.0376063406896771,-0.0502697712171696,-0.00778376391873245,0.00114257605719387,-0.0365664433338504,-0.0230892283829409,0.271054298930375,-0.0453877807891646,-0.0433957340937827,-0.025079488183288,0.216909805347939,-0.0149176357304227,0.00669560123577321,-0.0230820240520992,0.129597727118173
"J1_14SC3_2",-0.0556236614573789,0.0623069486590467,-0.0228859654808772,-0.0562066173839762,-0.0827895395303817,-0.0922906947938204,0.0086900799691888,-0.0220486195089193,-0.0363208410478713,-0.0677923469993164,0.321688458748025,-0.0576111041642546,-0.0504228212230198,-0.0628330115839236,-0.0415615345711527,-0.0474135091744176,0.0364490447024658,0.0638016527504671
"J1_14SC3_3",-0.076300017405824,-0.00533606633946006,-0.0380820591455053,-0.0442015031769857,0.0285523323651746,0.118753856384255,-0.0414685902895556,0.283988740783486,-0.0370599316809288,0.00236349074746139,-0.0468399093696217,-0.0673534802229346,-0.0646485135399994,-0.0616409016138832,0.228569741967731,0.0386712063479332,-0.0997354189487836,0.0328445104481408
"J1_14SC3_4",-0.0570466230357242,0.138718909587263,-0.205724211590269,0.370712182710689,-0.103604235681703,0.194017389611835,-0.0413420554435188,-0.0584805345453493,-0.0390204603732122,-0.0378364494751946,-0.0538396605715932,-0.0591429356544574,-0.0448546934630975,-0.0617462929000633,-0.0730967671738348,0.230260684705692,-0.127639783985702,0.0349607276274422
"J1_14SS1_1",-0.0705617614622351,-0.0997497517328303,0.133729214671992,-0.0402783970261062,0.10122053052509,-0.00455573406565586,-0.0112728646575224,-0.0230133866645925,-0.0382545317125689,-0.00205323941755004,-0.0298315321407366,-0.0479213802843365,-0.0498563941272697,-0.0564837593708329,0.333229175957128,-0.145311657042918,-0.06260455623645,0.0286059972386475
"J1_14SS1_2",-0.101804448011433,-0.1085880761214,0.103238178428458,-0.0778722032392185,0.0906119539251184,-0.0509929914431173,-0.073366610098427,-0.078448028115179,-0.0293926737694142,-0.0541975802954383,-0.0751699129381305,-0.102927372893853,0.148897828590007,0.16774695082131,-0.0783819348657529,-0.179972421960668,-0.0666251828305855,0.0705751601726067
"J1_14SS1_3",0.212446761112656,0.096100336508849,-0.137349839724251,0.322288449185872,-0.0584239216510193,0.0278452035383397,-0.0629842386667891,-0.072531830570774,-0.0455236351992037,-0.0589615537122121,-0.0543480976116252,-0.0386806900149472,-0.0413128168559216,-0.0845781209873375,-0.0835681764555066,0.127109129574448,-0.0722105671553422,0.0131906477860158
"J1_14SS1_4",-0.0380430213093666,-0.105956424182448,0.079800365987648,-0.0387535692391203,0.0923771626531113,0.0622954018463563,-0.0299551249960688,-0.0265535377492593,-0.0340454050313331,-0.00492982551796392,-0.051278527030666,0.241127093698942,-0.0617276644983449,-0.07089170796193,0.289545989560603,-0.0192379230162097,-0.0871096531253869,0.0948641975108056
"J1_14SS2_1",-0.0549209044588259,0.0765051003424795,-0.129258043695287,-0.0525336676441145,-0.031970919060842,0.181277288417808,-0.048018879894226,-0.059243625711571,0.268071651410174,-0.0349804456558239,-0.0375919628394385,-0.0724011957199814,-0.0200666101666722,-0.0485243871374307,-0.0528706788976671,0.166521576497958,-0.137945338429888,0.077741771151544
"J1_14SS2_2",-0.0296051236286935,-0.0264199322378119,-0.0900415454335089,0.333117190435895,0.0291436023213043,0.0809160881163251,-0.0518208387251609,-0.0416741578276003,-0.0286763868662745,-0.0446147262526299,-0.0216443947414994,-0.0564916181866345,-0.0363696671676404,-0.050552208313767,-0.0390744076261094,0.0843496174474346,-0.105363732311521,0.325086723816128
"J1_14SS2_3",-0.0520871636397923,0.109235490039512,-0.148312604069539,-0.0401805440929846,-0.118663573413059,0.0102296206803822,-0.040858538667324,-0.0374706910600853,-0.0375780831117182,-0.00797709025595901,-0.0485970519423673,-0.0670279632059667,-0.0157088738765851,0.319577511538326,-0.0564625777282453,0.108160141295878,-0.0718022834946579,0.161421560388141
"J1_14SS2_4",-0.0659519942363137,0.037011150390036,-0.0742942475247113,-0.0480463940951481,-0.024782770557066,0.0152393309065171,-0.0306081858025713,0.308480870300625,-0.0444925845731433,-0.00386414205821795,-0.0505150799492189,-0.0743681775779715,-0.0369115247162533,0.248640975646091,-0.0428156711030404,0.0195746571616941,-0.0641971179490454,0.238770510491166
"J1_14SS3_1",-0.0355871005741617,-0.0989071280072139,0.0540233065807184,-0.0109932899220954,0.0881476604217838,0.0993581536391782,-0.0352750898922548,-0.0365295170222861,-0.0158257105785441,-0.0241554656201463,-0.0275181500105631,-0.0400803328627215,0.381404189564954,-0.0350493192430648,-0.0471155111407878,0.0214083977895443,-0.0607257146097409,-0.0469301299970323
"J1_14SS3_2",-0.0652693514270285,0.0951159926112193,-0.164626587968994,-0.0496038703982789,-0.105991383645076,0.0987164283745862,-0.0532783822895601,-0.056516991509514,-0.0377510216020983,-0.00516740835224379,-0.0534068691084695,-0.0799572463227533,0.267033896068897,0.239114741509008,-0.0780766960909745,0.146760353987959,-0.0803829604647378,0.225762014946287
"J1_14SS3_3",-0.0455628542654716,-0.0523687716789423,-0.142687262831203,-0.0165648018126765,0.0539934749023751,0.285427184640199,-0.0535475417128628,-0.0211596457382512,-0.0292020441531718,-0.0326508564583865,-0.0293633755806457,-0.0723448292508286,0.312711466257905,-0.047766689398313,-0.0717540184307759,0.212526649309276,-0.152128497520741,0.129713725994932
"J1_14SS3_4",-0.0390340139290447,0.0818328017018086,-0.159345492342068,-0.0342370252487503,-0.0511936756872816,0.165063898826179,-0.0226811377671442,-0.0399241036749634,-0.0344857481851391,0.0049984415859586,-0.0216323828381977,-0.0522934138208839,-0.0309373814013435,-0.0295594881774367,-0.0497208374138001,0.177344994260006,-0.126794097912342,0.010744364913475
"J2_14SC1_1",0.247912295248805,-0.119786863588052,0.141197545962844,-0.0284107575515469,0.0791775842716846,-0.0765278772897447,-0.0198161819278375,-0.0503532800497832,-0.0168468441685526,-0.0492275246448324,-0.0340879183957499,-0.0160486334108777,-0.0402169313236619,-0.0620397665785012,-0.0370427976356259,-0.101329809359754,0.0211676823715023,0.0447218122183673
"J2_14SC1_2",-0.0599028730131273,-0.0743203354689601,0.113004891691482,-0.0329739144644312,0.01942999663646,-0.126642269999731,-0.0301581580232955,-0.0402611774314808,-0.0249480683379816,-0.0373190719842038,-0.0438875411643601,-0.0505583899255648,-0.0294844369829529,0.193651497400211,-0.0313484695799765,-0.146647203807815,0.0552886578186104,0.120524634885358
"J2_14SC1_3",-0.0444535845429376,-0.0660084023061972,0.122215568814609,-0.0463122462777348,0.0395325834096968,-0.143493094786228,-0.0370372514559539,-0.0419437437022596,-0.011450298069886,-0.0592176959864679,-0.0414127345729765,0.250844953235796,-0.0664883749091538,-0.081364986934823,-0.0322506775506021,-0.155322753399271,0.0693311157039366,-0.0189218719170995
"J2_14SC1_4",-0.0546981286409806,-0.138642772784619,0.154235314233523,-0.0469286665416519,0.0892430800325269,-0.0939043873670943,-0.00495930495931868,-0.0294968714986324,0.356477042916392,-0.0648092059184221,0.201700580125173,-0.0530559467180351,-0.0462786049698251,-0.0660451063539791,-0.0208853792834354,-0.157055709076862,0.0369923428433165,0.055117857941356
"J2_14SC2_1",-0.0346190329066989,-0.0250360749795653,-0.0382357758750668,-0.0188157117782669,0.0123914621397221,0.0971769250225473,0.00121482136447602,0.0133653049830691,-0.0332992735587301,-0.045336104427639,-0.00984658198205108,-0.0270548498864927,-0.0315301686582687,-0.0536231011312499,-0.0244313432591195,0.0745104871934318,-0.0572311765621717,0.101680825094802
"J2_14SC2_2",-0.0799439471956469,-0.124864195842024,-0.0110626594862104,-0.0621563020188546,0.195607043984652,0.235183207861611,-0.0525729833722123,-0.0784665083057939,-0.0408105805412386,-0.0160190685670708,-0.0680690702667617,-0.100438501975407,-0.0656301066174973,0.162723427391064,-0.0815741180712815,0.11693033923773,-0.164987987825845,-0.155117013689869
"J2_14SC2_3",-0.0522090375512196,-0.150008001037021,0.222066754311702,-0.0551789870390063,0.161577948480317,-0.061601573348729,-0.0288474921748471,-0.0376844341083618,-0.03218967694226,-0.0411660614917657,-0.0505531418481439,0.170351374641897,-0.0739516560684962,-0.079700938611792,0.318394355137616,-0.159158298466863,-0.0203180553298687,-0.00768552736479197
"J2_14SC2_4",-0.046807443507635,-0.0812830666947172,0.135544134933232,-0.0276542176258187,0.0712704707170672,-0.139158777326446,-0.0391040172110015,-0.0470055973370387,0.000779187215656397,-0.0551043874229379,-0.0509494732373555,-0.0370767571181531,-0.0376042284149355,-0.0549010323200033,-0.0180447385637579,-0.130068629169074,0.0652895367055897,-0.0869025927009966
"J2_14SC3_1",-0.0655169820701461,0.203497006892835,-0.114576351012891,-0.0328565896681088,-0.163908602712994,-0.065175651615843,-0.0324415642300371,0.31448676075798,-0.021717843088951,-0.0406564054427137,-0.0350035529613588,-0.0616553172956814,-0.0297622124843138,-0.0412423930073534,-0.042284249911321,0.0248444484690756,-0.00578948207421748,0.0455738094021941
"J2_14SC3_2",0.242340423012811,-0.0931072157547642,0.0929511466094773,-0.032398994689282,0.0881989512654289,0.0263844255424622,-0.0237177554491737,-0.0502312318415954,-0.0272362730517568,-0.0286446526685313,-0.0573141955196864,0.317161696525777,-0.0546767181957012,-0.0777525864504986,-0.0578160093211773,-0.00137666242019671,-0.0508151098420066,-0.0639438251190343
"J2_14SC3_3",-0.0729139724583579,-0.0948270965493299,0.0794487298530502,-0.0491476159408488,0.122078381724476,0.114095838359402,-0.0143271326207667,0.442279871506884,-0.0461146902353831,-0.00187770539423351,-0.0606756076371898,-0.068757045201601,-0.0728795605658383,-0.0768409082227582,0.340206233441103,-0.00171510337920174,-0.0971642290130651,-0.166315915507253
"J2_14SC3_4",-0.0640165807155566,0.16759838906033,-0.149034351319778,-0.049843748278223,-0.144479591217632,0.0353022015151398,-0.00795134305964111,-0.0401421877038583,-0.0340195572847682,-0.0367576353039849,0.232748728897154,-0.0740509100592479,-0.0428521765567136,-0.0593942194258536,-0.0458171991556657,0.116316580134515,-0.0416318198637856,-0.0279027564602722
"J2_14SN1_1",-0.0639555402088761,0.121896691669119,-0.0144707323363902,-0.0511926901248521,-0.143175018922578,-0.17594939295415,-0.0422854795085504,-0.0492335535913711,-0.0268635987813935,-0.0185993628954419,-0.0606421343193627,-0.0649951104937375,-0.0230360595174742,0.181010481420661,-0.051466921797643,-0.0759992099752728,0.0458139983414458,-0.0750391785021671
"J2_14SN1_2",-0.0570958603607266,-0.0809777519261259,0.0240450965314221,-0.0381133220081112,0.116273205087534,0.103622105897718,-0.0403580181714718,-0.0496065635424418,0.552773015294596,-0.0436414851085179,-0.0443864684310383,-0.0504038959476843,0.265887669058137,-0.0573251283581356,-0.0450081364164875,0.0130395486343021,-0.095161503923623,-0.164498213928544
"J2_14SN1_3",-0.0626164778098925,-0.126852988986351,0.143210422844278,-0.0533290590777611,0.0866121233822599,-0.0801048436734473,0.00457205115600309,-0.0368408039075989,-0.0176378905320568,-0.0796990570207609,0.291170843664442,-0.0555252779857034,-0.0439485002836932,-0.0737668004530134,-0.0274764619396318,-0.169274639343224,0.0266793933793108,0.0703518159457526
"J2_14SN1_4",0.187842148499544,0.165868097639273,-0.0433012420010394,-0.0265383394886203,-0.190196258475523,-0.196456362325686,-0.0399903756109737,-0.0319436021307349,-0.0116665847388677,-0.0644098267143155,-0.0484986486226468,-0.0180402799346747,-0.017217490483532,-0.0627808544575344,-0.0524610548868098,-0.0147902651944818,0.0905716819191601,-0.0953699156570482
"J2_14SN2_1",0.24125528857603,0.0386853061122969,-0.125021973761021,-0.0568818010602373,0.00995015097177626,0.221927155662127,-0.0297295366740148,-0.0760830809338533,-0.0616609727940301,-0.0339997514623724,-0.0932534302329997,0.204119128267985,-0.0726720440100058,-0.101965553750402,-0.0955705094538111,0.263931369019943,-0.156349396958183,-0.120785999001548
"J2_14SN2_2",0.272251029582871,0.209468764974099,-0.226947691550362,-0.0244208184648315,-0.103889167519848,0.151467620840614,-0.0531581291269811,-0.0554186814792731,-0.0559273417847319,-0.0158081997428999,-0.0559520102859112,-0.0469663170756627,-0.0348478036480042,-0.0732850235624302,-0.0832194976642413,0.366835542093601,-0.14222819039805,-0.0951248632888344
"J2_14SN2_3",-0.0488486842783924,-0.017548370009125,-0.0290789304521951,-0.0447585942163608,0.0395320926764512,0.0734307438871806,-0.0369876334633536,-0.0274535931393042,0.653920578396936,-0.0478233702441314,-0.0367009391390034,-0.0674774875416403,0.341120907868466,-0.0530185479634481,-0.0471152009560513,0.0461211584740278,-0.0795283167131861,0.0244379018707515
"J2_14SN2_4",0.242995927252594,-0.0707641270476339,-0.0229482846218044,-0.0365101517376389,0.116429330085077,0.159321518416119,-0.0458643118338358,-0.0564692505276971,-0.0274271042177201,-0.0259105998297263,-0.0338438251680987,-0.0470015552813855,0.284365869214782,-0.0699875294504781,-0.0784974151663248,0.139086845927231,-0.108874336367498,-0.0592689838116061
"J2_14SN3_1",-0.0464049192377394,0.265309920654866,-0.136271604956914,-0.00672383353234425,-0.230199310362318,-0.165555461642903,-0.0353224100343372,-0.0349278531749785,-0.0129098296339706,-0.0566835526598959,-0.0427550085989238,-0.0303092384684224,-0.0309557066323416,-0.0465061350637982,-0.0394774924188966,0.0232592375609071,0.0547481751412551,0.0248622567377224
"J2_14SN3_2",-0.0464719280187376,-0.00543131489379378,0.0687190588577511,-0.0399290319787561,-0.0506698737537128,-0.112587676856627,0.24145438371041,-0.0421802372295465,-0.0446188530190203,-0.0470018082557617,-0.0387841070772006,0.310745760253589,-0.064230264071116,-0.064664324060811,-0.0548588424834083,-0.0842789755211286,0.0283356590551478,-0.000561024165710388
"J2_14SN3_3",-0.0722034558431126,0.00816818025637597,-0.0926179538953998,-0.0518508357193532,0.0631735425767542,0.161804007803926,0.173709852087058,-0.0541239214491216,-0.0490909818624156,-0.0374927058602412,-0.0613512295218213,0.344109630191479,-0.0876069891628752,-0.0830716511428269,-0.0777137833593197,0.149729141688313,-0.147078616189493,-0.245139869374735
"J2_14SN3_4",-0.0548620488716846,-0.100076778415641,0.122040974394042,-0.0365078254889268,0.107913643077564,-0.0294986353899134,-0.0447770367878557,-0.0573584906488564,-0.0315633725971755,-0.051093556854252,-0.0562932942888283,-0.0644489140338509,-0.0389804784692804,-0.0507495786638262,-0.0581502188705429,-0.105584665632994,-0.0502551335899398,-0.0635319997610817
"J2_14SR1_1",-0.0742261821395112,-0.138947844418176,0.20319998132998,-0.0596256383764592,0.16241156055248,-0.0399485144889377,-0.0195856278653746,-0.0469506351290489,-0.0369610380002181,0.248432647883441,-0.0623047994894454,-0.0539105381717169,-0.0400949678346015,0.137204858623549,-0.0223790779180181,-0.125254335378542,-0.00258522977618947,-0.169411896822413
"J2_14SR1_2",-0.0758823929695047,-0.15370788426862,0.141984326728441,-0.059230774688621,0.190783073666479,0.133600866943261,0.0158311130963934,-0.0453142598696326,-0.055090264973145,0.456166647280065,-0.0677706686693046,-0.0678451145373046,-0.055839999893204,-0.0734761883996475,0.320000196581746,-0.013267255853434,-0.10339687204312,-0.264574996238082
"J2_14SR1_3",0.293302730280857,-0.098073573604992,0.0884864734649504,-0.0419502742384039,0.157482842681425,0.0886800696544416,-0.0293495367761986,-0.068310817656786,-0.0308154933319858,-0.0373861605363881,-0.0712559312696252,0.270377353564129,-0.0626810908715357,-0.0917429285934058,-0.0655655407504646,0.0296945498127539,-0.113013123511446,-0.113762883644305
"J2_14SR1_4",-0.0709672036705733,-0.150841357156114,0.0546828918519824,-0.0578181577883189,0.195797471388287,0.22924668675854,0.849641139988133,-0.0655293467884417,-0.0270749417925534,-0.0414746957374756,0.358365673497563,-0.0381717001849783,-0.0672647784442995,-0.063521808155715,-0.0550914413626054,0.073981551149977,-0.150313930628536,-0.240408968065139
"J2_14SR2_1",0.269474998129321,-0.133393370714535,0.157563443995728,-0.00815978111820282,0.181175950621437,0.0330169874823684,0.00110201265270701,-0.0329888135630489,-0.00990433755293645,-0.0119169063977195,-0.0256061475788772,0.000498919402897823,-0.0176063431232504,-0.0515297034462138,0.0703869184683295,-0.0222888849265444,-0.0607805716579012,-0.0374881073582895
"J2_14SR2_2",-0.0402118455287534,-0.0711186713520882,0.00462127252737088,0.349766507880064,0.106329701290721,0.0658692441022346,-0.0231456633624459,-0.0515302362693433,-0.0290779501302188,-0.0458829809114101,-0.0300804087982651,-0.0447053415280397,-0.0528664984347514,-0.0587595670241523,-0.0480842163364126,0.0040770881274831,-0.112406451330773,0.124267531987715
"J2_14SR2_3",-0.0615106648669471,-0.116181450614582,0.0950258149645695,-0.0497820830225824,0.106418709802424,-0.0110104788341271,-0.0277259317225383,-0.0220141077901091,-0.0351462207130637,-0.01123485391476,-0.033365037643765,-0.0559051121803409,-0.0274716556405321,0.23862302976663,-0.0233158584912352,-0.121090174204525,0.0323315105309895,0.126999138869911
"J2_14SR2_4",-0.0692369539588591,-0.00245953506272531,-0.0509816233519474,-0.0399836195358651,-0.0515665673997891,0.0114915323836345,-0.0334278227190213,0.440494791998822,-0.0307541288923497,-0.0527592384072562,-0.0254816690299921,-0.0613349606618666,-0.0569557144686991,-0.0478621588456341,-0.0128474454458508,-0.0115659123212984,0.0389645657282687,0.0657749620657314
"J2_14SR3_1",-0.0379986791344205,0.000718546197498543,-0.0258833763655914,-0.0125098127150811,-0.109553606429812,-0.0903245347287681,0.0319871893526331,-0.0310869197090927,-0.00841927629291912,-0.0786695000145932,0.246348764017546,-0.0279623351503317,-0.0349500224953406,-0.0623854961068677,-0.0201074862844684,-0.0380222854876018,0.252216039540136,0.00674786663114644
"J2_14SR3_2",-0.0693255452993632,-0.154383831372127,0.151972361024354,-0.0499098573881549,0.130976041169259,0.0524039014782113,0.208564279840041,-0.0477408098947556,-0.0393963723193982,-0.051158706790677,-0.0482722638802858,0.298982354014924,-0.0879621354540449,-0.0767642738216065,-0.0529662541766662,-0.0448684838810538,0.00486931370413759,-0.215240752464409
"J2_14SR3_3",-0.0274294776028263,0.10919227089184,-0.0900407311451966,0.374590586553802,-0.201799954439567,-0.209282082399049,-0.0142384371487457,-0.0168087046684287,0.0101468418914699,-0.0645364593158956,0.0184115568858415,-0.00927503481745464,-0.0288591508825051,-0.0542330372592124,-0.00598853976024761,-0.0210297828447955,0.405503878550913,0.0620506938362019
"J2_14SR3_4",-0.0506381202462096,-0.157591466641287,0.257876951391725,-0.022623361483808,0.170699293555367,-0.0832247600893444,0.256832953074231,-0.0156738788736041,-0.0222790534659861,0.306023423285826,-0.0210641859861967,0.0188309591964862,-0.0350330298887707,-0.0346874539080448,0.0263143898168758,-0.172956024610674,0.172352553468487,-0.137506812154967
"J2_14SS1_1",-0.0369909585064852,0.187957458299793,-0.105457931168123,-0.0248293737976161,-0.235098031223132,-0.19518015751619,0.0203418531843149,-0.0302791949315067,-0.0010888407057277,-0.0785273241108586,0.272582748274084,-0.0285271841461889,-0.0219902469136526,-0.0486882897515862,-0.021809848738252,-0.0413442187008244,0.248615203835274,0.00725309556519411
"J2_14SS1_2",-0.0696031513101066,0.224526401163651,-0.151618015072573,-0.0355726613378318,-0.213038189425518,-0.173342465856906,-0.00226644354228132,-0.0484570962146201,-0.0334377863006363,0.331946482326873,-0.0631131318338206,-0.0587681722410968,-0.0291133830788188,0.327395735699352,-0.032332354850713,0.0038558548607699,0.21231413874954,-0.111283711249927
"J2_14SS1_3",-0.0527293919081947,0.126732738240355,-0.0632917646642452,-0.0301879124558419,-0.160065021643867,-0.195804921388052,-0.0398454489573876,-0.0236235091309127,-0.0053936635573327,-0.0657796455168461,-0.0365956076116005,-0.0475598199122765,0.2595957269667,-0.040348895551917,-0.0463311105315848,-0.0962870896930141,0.230328283516578,0.0311613425084155
"J2_14SS2_1",-0.079200064725082,0.0774282834092919,-0.134933396672106,-0.0585973844356855,-0.155389118200709,-0.0788500988601009,-0.0548699846636856,-0.0272065464669124,-0.00933780267267649,-0.0332859011886461,-0.0667439654580474,-0.0767731757743818,-0.0453212543276055,0.247850652305697,-0.0660825760469138,-0.0051510224507422,0.108277237779066,0.0666739403110401
"J2_14SS2_2",0.241147984253109,-0.103349034986463,0.0830412345689161,-0.0346923558375224,0.0446042931137463,-0.0591892474938666,-0.0276980950974804,-0.0387857350343399,0.00118517865816266,-0.0431591414321526,-0.0546545153335039,0.317303936721144,-0.061125920024704,-0.0795978299481243,-0.038550874577828,-0.0759236468113197,0.125511304210455,-0.0689432548884006
"J2_14SS2_3",-0.0289998737624987,-0.0382287273258558,0.101351081150973,-0.0111541828579819,-0.00815842122316665,-0.122382563501701,0.00694255226497325,0.0016850920372289,0.0119938592775067,-0.0136276954550546,-0.0040802295815495,-0.00283206369746178,-0.00757960616292227,-0.0189518553425869,0.15207639896851,-0.136003683545642,0.214417885578656,0.00905009401097184
"J2_14SS2_4",-0.0609564089787373,-0.0755237013498563,0.143903919705664,-0.0273662514981461,0.052157818639063,-0.103585999024863,-0.0128031966245712,-0.0301920196370605,-0.0164514042452358,0.360954065920785,-0.0494434955599152,-0.023970958841527,-0.0431838685876726,-0.0494886516942116,0.350648960423023,-0.15982938158126,0.16891511933151,-0.153627915704887
"J2_14SS3_1",-0.0530112057884578,0.178375183121186,-0.111018075540807,-0.0248556129889207,-0.192094866747734,-0.104491741063972,0.00262281764234087,-0.0231221703519431,-0.0332792082576429,0.445390139470184,-0.0639908863762564,-0.0469320681245135,-0.0177052541130687,0.254242494659977,0.000740286022008359,0.0305198311939545,0.195264893840587,-0.0683836534004624
"J2_14SS3_2",-0.0683195476777795,-0.166561125232951,0.0562944528635655,-0.0589709656019235,0.106952421806327,0.093882698856193,0.00158406071016873,-0.05195640930068,-0.0337575338582382,-0.0803925948415909,0.466987423678147,-0.0602049289191001,-0.0669228148276097,-0.0811738565179387,-0.0601469846111263,-0.062244215150419,0.0536794359620658,-0.0416377680815661
"J2_14SS3_3",-0.0675595838686042,0.111766289713065,-0.122352046123154,-0.048020809693313,-0.110515469585398,-0.0335658666985837,-0.027521164212741,-0.0383199778872954,-0.0453167450046483,-0.0126358093600313,-0.0736351424816019,-0.0669098629922858,-0.0383937788692746,0.222847611556654,-0.0528194536687954,0.0395576998666578,0.0907227564258407,-0.135990567574088
"J2_14SS3_4",-0.0432174903463522,-0.110308514584079,0.148922338777157,-0.0337677478070473,0.04506612661053,-0.0618048526184646,0.0356848729460114,-0.00736724737701396,-0.0113841468667975,-0.0755668768069677,0.308030623189638,-0.0298617905296039,-0.0319278438216992,-0.0570741482206887,-0.00705874089724681,-0.162278588853474,0.222111762012251,-0.0467740662894965
