"","baseMean","log2FoldChange","lfcSE","stat","pvalue","padj"
"MSTRG.79111",67.1914654751935,-28.4956082650602,3.32015368307741,-8.58261724759921,9.27385282425239e-18,5.1867707298164e-13
"MSTRG.73143",44.0636673406608,-25.0495775999198,2.95302447084479,-8.48268541193421,2.200550436205e-17,5.1867707298164e-13
"MSTRG.23300",275.072319148404,-21.6622416001061,2.54728626484653,-8.50404679640955,1.83093677794106e-17,5.1867707298164e-13
"MSTRG.27477",49.1029396511858,-24.0748928682294,2.88354712396907,-8.34905476942281,6.88114256352707e-17,1.10321362962889e-12
"MSTRG.46997",12.7541814517057,-29.2243241696137,3.50654444790679,-8.33422322282524,7.80086287585302e-17,1.10321362962889e-12
"MSTRG.28014|LOC111130818",8.16471226377214,24.3697220135707,3.04402854648757,8.00574687175332,1.18743756384854e-15,1.39941495962157e-11
"MSTRG.30326",31.4174715384392,-18.9422917947351,2.41427814703423,-7.84594427034201,4.29707750524369e-15,4.34072353533266e-11
"MSTRG.71252",8.97218658813076,-29.4230793431048,3.76010298724969,-7.82507272882602,5.07363513859419e-15,4.48452267856417e-11
"MSTRG.61842|LOC111106442",43.1281312418249,-21.051721198089,2.69552503368701,-7.80987782899345,5.72434459135674e-15,4.4974903377714e-11
"MSTRG.66220",43.7134003296785,-21.9519708405219,2.86772436154241,-7.65483989148631,1.93553235405623e-14,1.3686342828767e-10
"MSTRG.59597|LOC111104343",68.5377499574994,-20.5264293119588,2.71496943016622,-7.56046424828514,4.01633269711176e-14,2.58180819404972e-10
"MSTRG.82171",23.1004666370941,-24.5616642592559,3.33899114270995,-7.35601360095898,1.89483717740794e-13,1.11654859709744e-09
"MSTRG.79822",8.32057695650481,-29.7761363226808,4.06524780342338,-7.32455627861259,2.3969045948912e-13,1.30375016007194e-09
"MSTRG.8162",69.6741136774757,-24.9755926382475,3.42699550430329,-7.28789769548447,3.14828882707409e-13,1.59013322322312e-09
"MSTRG.82699",3.90787507529255,-29.2832361924146,4.02623387084224,-7.2731086001939,3.51307662447718e-13,1.65608774128937e-09
"MSTRG.51313",121.559303621357,-21.4990636819054,2.97319300613069,-7.23096806617484,4.79563119683031e-13,2.11939923474418e-09
"MSTRG.51999",89.1357289272113,-22.3290694388704,3.13668267295395,-7.11868931830524,1.08958199761489e-12,4.5320842725498e-09
"MSTRG.70314",15.2020062983768,-19.1837065206673,2.7188707410297,-7.05576261172387,1.71656660538421e-12,6.74334117962905e-09
"MSTRG.45883",1.56606418346431,19.9073485730152,2.83648945974603,7.01830514638955,2.24575663585743e-12,7.27963767924804e-09
"MSTRG.37782|LOC111135790",124.537604273847,-23.425286519643,3.33830497964606,-7.01711996431394,2.26488140379088e-12,7.27963767924804e-09
"MSTRG.45938",21.1358447970257,21.0945601269405,3.00525770938654,7.01921837220625,2.23112843795281e-12,7.27963767924804e-09
"MSTRG.67897",21.9607215985859,27.1121548176161,3.85807827359724,7.02737292894188,2.10458322740325e-12,7.27963767924804e-09
"MSTRG.28700|LOC111128348",48.2644948558584,-20.14658948511,2.87526331132621,-7.00686765130299,2.43712598809386e-12,7.49267894539585e-09
"MSTRG.21077",39.3236326502966,-21.6443818949102,3.10380611512269,-6.9734967623951,3.09158555079886e-12,9.10871274510575e-09
"MSTRG.17557",67.1392556181137,-22.3474775374129,3.2306797684117,-6.91726792482426,4.60436793216931e-12,1.25222869558317e-08
"MSTRG.59823",14.9971513046018,-18.1628087868914,2.6239660347973,-6.92189172650419,4.45651822228383e-12,1.25222869558317e-08
"MSTRG.69840",58.3253874078749,-20.1886311824509,2.95211033462393,-6.83871159748598,7.99085700743189e-12,2.09274625871302e-08
"MSTRG.24360|LOC111123599",2.23738275044467,20.0600302236671,2.96641814828728,6.76237442629225,1.35748324404774e-11,3.42817848820927e-08
"MSTRG.63559|LOC111108955",7.7188616038402,-20.8784248048619,3.10219947329627,-6.73020061559013,1.69429320186391e-11,4.13121264127581e-08
"MSTRG.71307|LOC111113107",25.8201006261542,-23.1768167199842,3.44727359454772,-6.72323100685746,1.777384544106e-11,4.18935461660932e-08
"MSTRG.5189",40.0905032300219,-20.5385179809399,3.09686860139264,-6.63202758157185,3.31106688275132e-11,7.55254355955576e-08
"MSTRG.76262",19.0536167006734,-22.6240601464567,3.41489316245774,-6.62511506807255,3.46977782455643e-11,7.66723311725656e-08
"MSTRG.9199",10.0487146900016,-20.809024836207,3.14797682881275,-6.61028526186932,3.8358015399742e-11,8.21919280888229e-08
"MSTRG.72644",19.6295232465695,-18.3645237807998,2.78019222113341,-6.6054870743121,3.96212478337892e-11,8.24017075169138e-08
"MSTRG.82722",16.6937489403292,-23.1145323516358,3.53395566912561,-6.54069674771979,6.12328824017865e-11,1.23709667071792e-07
"MSTRG.4924",7.98625186133298,-20.6774048459297,3.16542744301102,-6.53226308869709,6.47832246404324e-11,1.24763050668093e-07
"MSTRG.30224|LOC111127836",18.0413372228757,-23.0284375605898,3.52595960190019,-6.53111213984966,6.52830942105108e-11,1.24763050668093e-07
"MSTRG.84177",18.5946444653949,-21.106748607457,3.24954934321972,-6.49528484665013,8.28764514496601e-11,1.54217809433077e-07
"MSTRG.78829|LOC111111685",14.8441149865468,-18.6761651085535,2.88163865571245,-6.48109195493006,9.10611492201893e-11,1.65103203141251e-07
"MSTRG.79259|LOC111115369",10.296518819844,29.7199408014948,4.61604484304339,6.43839949828136,1.20739865383625e-10,2.13440915528538e-07
"MSTRG.48328",11.7227579472508,-19.5221126951445,3.03760457989088,-6.42681171353968,1.30308059140399e-10,2.2473690658236e-07
"MSTRG.71451",76.0510893845683,23.4578782360922,3.68694142172945,6.36242227713202,1.98596539665693e-10,3.34356188483352e-07
"MSTRG.84608",14.5106076525397,-23.3848058828518,3.70524434204831,-6.31127227359164,2.76750805367258e-10,4.55100609263352e-07
"MSTRG.48589",15.7570004949682,-22.8104489235314,3.63653163064096,-6.27258367047695,3.55105512539716e-10,5.70678770390815e-07
"MSTRG.23707",2.97715936637678,22.8908889614607,3.70171797204239,6.18385547854984,6.25546407352922e-10,9.82955822451833e-07
"MSTRG.81288|LOC111117570",130.83928337155,10.2277695969265,1.65602873687671,6.176082195419,6.57117860178632e-10,1.01011871763242e-06
"MSTRG.69035|LOC111115132",14.7969481710231,-17.9572896709412,2.92527320743358,-6.13867095398438,8.321472948922e-10,1.25195675253452e-06
"MSTRG.38130",26.6581755499232,-21.4382251555487,3.49939776273772,-6.12626131954107,8.99680003242092e-10,1.32535984810941e-06
"MSTRG.24852|LOC111125588",51.5725499818252,-25.4009400741104,4.15540248303399,-6.11275085333356,9.79281983020112e-10,1.41318384288439e-06
"MSTRG.21949",18.3237073918143,-20.4632625633535,3.35127101210661,-6.10611988389752,1.02082343556309e-09,1.44366891904203e-06
"MSTRG.25006",16.6133541570965,21.8333081954561,3.58415078675168,6.0916265789263,1.11769158141145e-09,1.54966841986638e-06
"MSTRG.51997|LOC111100010",4.10098977816126,25.902800776352,4.25787925191951,6.08349820269672,1.17588236562804e-09,1.59899649915239e-06
"MSTRG.53416",8.9945840748665,-17.6778499320457,2.93664402328002,-6.01974559800435,1.74691411536889e-09,2.33068007569527e-06
"MSTRG.59816",13.4717708037638,-16.5109119633039,2.76311744284104,-5.97546514212849,2.29434596485408e-09,3.00436106519994e-06
"MSTRG.55671",8.75396294011617,-30,5.03293388629541,-5.96073794684438,2.5110137184619e-09,3.1706480543957e-06
"MSTRG.9113",3.24038521606614,19.7991834498289,3.32025733803413,5.96314726061313,2.47425244284445e-09,3.1706480543957e-06
"MSTRG.54915",29.8609484966536,-18.3858653419565,3.08610765630914,-5.95762280177397,2.55933387506918e-09,3.17496592350907e-06
"MSTRG.27763",22.1334056800711,-21.0531572300874,3.5477922624886,-5.93415726526211,2.95358622252515e-09,3.60087992036165e-06
"MSTRG.69715",1.37496943175755,20.8068476492996,3.52674928764089,5.89972406663977,3.64109991066983e-09,4.36382738615888e-06
"MSTRG.52604",45.9059807735088,-21.1830404578886,3.60400093930576,-5.8776456539906,4.16142511265949e-09,4.90430885235441e-06
"MSTRG.59704",16.8476420069844,25.8029370457703,4.40122666516313,5.86266943486628,4.55484438592618e-09,5.27996067824961e-06
"MSTRG.69407",12.0024623409529,-18.9255071682335,3.23145629441028,-5.85664958581385,4.72298190569389e-09,5.38656086344388e-06
"MSTRG.81148",1429.54158268667,-23.4640863214376,4.02048149447911,-5.83613837140112,5.3424533132264e-09,5.99635263859607e-06
"MSTRG.64984",59.0420674523226,-21.6424100262796,3.71125405823134,-5.83156250870997,5.491073366758e-09,6.06686388807539e-06
"MSTRG.59715",9.32702688915428,28.7939788454537,4.97240386625235,5.79075626597391,7.00701977988529e-09,7.62266731777645e-06
"MSTRG.48713",9.52968524732488,-24.2284738667788,4.18701122602059,-5.78657962897462,7.18340426502733e-09,7.69614695430829e-06
"MSTRG.28537",67.6214711292817,8.46647088448075,1.46547694404659,5.77728016730341,7.59178143348792e-09,7.92739516608862e-06
"MSTRG.63479",13.4536788756468,17.5170790793252,3.03348163470636,5.77457891253093,7.7145768504353e-09,7.92739516608862e-06
"MSTRG.871|LOC111125896",15.1230509141105,-19.4628898455814,3.37071032031597,-5.77412117804207,7.73557532010741e-09,7.92739516608862e-06
"MSTRG.73381",98.0026132147937,-23.6172203835565,4.1235389084485,-5.72741543317764,1.01972240950876e-08,1.03007987569677e-05
"MSTRG.78385",32.9282939721647,-18.9344267806868,3.31679283422909,-5.70865523625254,1.13872289071263e-08,1.13408780739691e-05
"MSTRG.69651",13.1660974170696,-17.875827041016,3.14279778948553,-5.68787056578089,1.28633256522841e-08,1.23296756888188e-05
"MSTRG.12131|LOC111120197",9.07095971953786,-16.6571453826924,2.92870032840948,-5.68755540507572,1.28870799273396e-08,1.23296756888188e-05
"MSTRG.77321",8.26375762034916,-16.0432233054915,2.82086475062351,-5.68734225983198,1.2903169251921e-08,1.23296756888188e-05
"MSTRG.10253",33.9886566512567,-17.9697772592596,3.16488697993326,-5.67785749481598,1.36392265163006e-08,1.28592446159218e-05
"MSTRG.34646",30.0469394624279,25.4831312133908,4.51853199308413,5.6396925489062,1.7035406089066e-08,1.58498763153151e-05
"MSTRG.4172",3.66230357509886,19.8905719549063,3.53698017094121,5.62360290236327,1.87015275264035e-08,1.71740741937599e-05
"MSTRG.48811",76.1663161185231,-20.5225321912604,3.65441590540195,-5.61581733511068,1.95635251187599e-08,1.77353387778542e-05
"MSTRG.55418|LOC111105298",32.7135769450893,-19.5802293266837,3.49088441183526,-5.60895951189338,2.03546631195442e-08,1.82189694157733e-05
"MSTRG.46238|LOC111136991",31.331418361531,-16.53210336259,2.95053070527815,-5.60309483748668,2.10557940973517e-08,1.86109532052229e-05
"MSTRG.84239",7.65918245869109,-19.085974758698,3.42605765437312,-5.57082708002186,2.53532866531864e-08,2.21327932411539e-05
"MSTRG.18405|LOC111126520",111.364748062688,5.51748295525778,0.995963045531563,5.5398470656238,3.0273590761402e-08,2.61058033698719e-05
"MSTRG.23492",10.6591066424103,-26.8482835604698,4.85293817478287,-5.5323770040963,3.15919963824897e-08,2.6914477785569e-05
"MSTRG.55410",5.49334614810789,-22.9776304677099,4.16600043284194,-5.5155132214029,3.47763597444087e-08,2.92746568319867e-05
"MSTRG.60694",30.2797694736771,-22.4504496979927,4.0762569495539,-5.50761396443608,3.6372993745065e-08,3.02584795377328e-05
"MSTRG.79718",51.1298167359032,29.811987040399,5.42087735098406,5.49947639656286,3.80920691455115e-08,3.13200965273054e-05
"MSTRG.65008",2.05330946208482,21.1700322825445,3.86156329649192,5.48224401805783,4.19964414230348e-08,3.41334525225772e-05
"MSTRG.58526|LOC111105102",39.6149005632228,-22.7394906857627,4.15745562868942,-5.46956906258816,4.51131111630437e-08,3.62499227664771e-05
"MSTRG.82224",16.2660885706543,-19.0199086233475,3.48166861481754,-5.46287160771167,4.68493451447547e-08,3.72220679160758e-05
"MSTRG.48588",14.1305362017239,-21.8559257246706,4.00467848440048,-5.45759810926308,4.82618494370528e-08,3.79182626171494e-05
"MSTRG.32678",15.9224024907614,-21.2480867019508,3.90306206888821,-5.44395306221797,5.21109568712763e-08,4.04925040804925e-05
"MSTRG.50685",29.6564782372491,9.97799065746529,1.83355030951286,5.44189630668834,5.27163600971632e-08,4.05176797698968e-05
"MSTRG.60630",23.059116644222,-20.4743063971103,3.7714304324512,-5.42879068401727,5.67371780705269e-08,4.31391677262906e-05
"MSTRG.14201|LOC111117921",44.2526711698793,-8.33918267350375,1.53673343527848,-5.42656421866201,5.74491613235972e-08,4.32158260250306e-05
"MSTRG.64080",20.3654676812522,-22.315244537739,4.12422592925538,-5.41077160187682,6.27537673147487e-08,4.67092804272968e-05
"MSTRG.66032",65.7688145578032,-29.982226284178,5.54872587927675,-5.40344340962219,6.53735869144379e-08,4.81524135865294e-05
"MSTRG.36712|LOC111133635",3.40925288404553,21.356880246234,3.97211474528346,5.37670274293899,7.58622657680095e-08,5.53020275744507e-05
"MSTRG.36973|LOC111137125",5.55663246699157,-21.4192046571662,3.99519805867356,-5.36123725097063,8.26538776173759e-08,5.96381463285945e-05
"MSTRG.15435|LOC111121850",246.929257822404,-5.65136444097481,1.06129354841843,-5.32497766465895,1.00965445023663e-07,7.21148240713961e-05
"MSTRG.81892",15.0388465258535,-14.7239162065431,2.77030121105977,-5.31491526905499,1.06706967681426e-07,7.54535639172134e-05
"MSTRG.63978|LOC111108101",7.08992900846999,-20.507188477209,3.86282903575312,-5.30885221359813,1.10317735077201e-07,7.72344293568708e-05
"MSTRG.70360",62.9081243336199,-24.950212282486,4.70914171765643,-5.29825046227379,1.16917519964501e-07,8.10524975902921e-05
"MSTRG.44850",17.9390421141493,-22.806079854779,4.30722075815686,-5.29484814809867,1.19115350651338e-07,8.12646776663397e-05
"MSTRG.59744",1.74025017836429,20.5542045846574,3.88238201513985,5.29422517014133,1.19522089594254e-07,8.12646776663397e-05
"MSTRG.47192",7.87736763472383,-22.5388842308717,4.27153284790752,-5.27653304642446,1.31650781307049e-07,8.86586514000259e-05
"MSTRG.47213",45.0168086995094,6.9367228982485,1.31905240553878,5.25886831267718,1.4494463685685e-07,9.66903794036293e-05
"MSTRG.71818",8.04774479229927,-22.0624861298874,4.20357703281378,-5.24850287211681,1.53340250523544e-07,0.000101334976212807
"MSTRG.31814|LOC111129694",41.105251823231,-16.1005400571507,3.07391125847885,-5.23780249437589,1.62499823832115e-07,0.00010639375039808
"MSTRG.69521",17.0814456149457,-18.7803255596869,3.59152051158004,-5.22907373050885,1.7036141877014e-07,0.000110517672317939
"MSTRG.7400|LOC111112602",40.6178141813977,-20.9391603648171,4.00693705479848,-5.22572730204023,1.73471867676439e-07,0.000111512447593352
"MSTRG.64933",8.27991880434919,-18.6598472142296,3.57748585884739,-5.21591082410077,1.82916165733427e-07,0.000116524189145733
"MSTRG.40948",22.7851551832671,-25.0563500786756,4.81102173381644,-5.20811408989398,1.90769620289291e-07,0.000120442059109608
"MSTRG.6930",15.2457268542604,-16.7575994187049,3.24228370512972,-5.16845561423022,2.36036328024878e-07,0.000147702343282895
"MSTRG.65863",19.3693047101902,8.12265541000162,1.57222496606025,5.16634424802179,2.38716948223968e-07,0.00014806942215671
"MSTRG.60833",8.40639403845243,-18.9903272332743,3.68771293408339,-5.14962188562936,2.61012111226639e-07,0.000160490673016929
"MSTRG.60462",30.4040629524071,-16.6457003350132,3.23604123330881,-5.14384679764824,2.69169066124786e-07,0.000164079429609911
"MSTRG.35097",14.2196667204395,19.7942259235319,3.85152430862368,5.13932259994102,2.75730666611863e-07,0.000166642659545226
"MSTRG.14601",7.59725784230127,-19.3439685912221,3.76997913207076,-5.13105455323751,2.88123382842589e-07,0.00017265671630663
"MSTRG.51961",16.6408202627361,20.3037319339708,3.96220118204647,5.12435663942837,2.98555406252667e-07,0.000177404633038087
"MSTRG.16057",10.3020158470365,-20.6506356470004,4.03154462221135,-5.12226394152454,3.01888909385378e-07,0.000177890555596245
"MSTRG.57095",157.7572761958,-14.6313393567741,2.86614255954427,-5.10488890653804,3.30988904432596e-07,0.000193426086126721
"MSTRG.36840|LOC111134064",86.2729839334267,4.16016367839007,0.816438010908864,5.09550464677526,3.4781348915538e-07,0.00020159212812841
"MSTRG.34960",70.7106825718889,-2.61079483253757,0.513169433696166,-5.08758835017316,3.62645457980894e-07,0.000207849426597003
"MSTRG.58064",28.3389683930242,-17.5643194561535,3.45303881940032,-5.08662670036355,3.64488253567739e-07,0.000207849426597003
"MSTRG.80374",14.5359618309861,-20.9558141127847,4.12861761796737,-5.07574594013912,3.85978744002469e-07,0.000218343543737269
"MSTRG.47482",28.668290262227,-16.210362393432,3.20830776302287,-5.0526207554847,4.35788659759062e-07,0.000244563904128754
"MSTRG.14621|LOC111118237",6.61335021259567,23.963939987853,4.75503667565835,5.03969614167805,4.66271547471998e-07,0.000259610451915688
"MSTRG.55531",48.7938563572347,29.3039847130012,5.82809796508185,5.02805287223577,4.95485274225386e-07,0.000273720775201182
"MSTRG.60443|LOC111107407",17.3118924979028,-20.7327107482204,4.14048596673778,-5.00731337209563,5.51950253149987e-07,0.000302550033724719
"MSTRG.66970",11.0042686207942,23.1673768830065,4.66566089310955,4.96550808422898,6.85214384286391e-07,0.000372709187132885
"MSTRG.54931",3.5701626394922,27.6865260706077,5.59425257262039,4.9491019061442,7.45567052039949e-07,0.000402441158906846
"MSTRG.11668",4.90746817844096,-30,6.06407209221804,-4.94717073672305,7.52999253170568e-07,0.000403373713567758
"MSTRG.42912|LOC111132121",80.9292465362478,-7.55636488900647,1.53054836285731,-4.93703111406414,7.93208201042899e-07,0.000421718384240184
"MSTRG.35138",19.5403707568839,-25.9964451661321,5.27602140786616,-4.9272819718611,8.33813834018352e-07,0.000439998582218445
"MSTRG.34023",174.551088119881,3.36766578280515,0.684361912806527,4.92088428620253,8.61540588941503e-07,0.000451262196923279
"MSTRG.66438",6.10213025583403,24.1015637564763,4.91101547049749,4.90765380424159,9.21723673592658e-07,0.00047573724586431
"MSTRG.63425",102.360597610416,-5.25019405781248,1.069742278676,-4.90790554180072,9.20541682432007e-07,0.00047573724586431
"MSTRG.68855",0.96363694635363,22.756180774714,4.63990560861482,4.90444907596032,9.36899230237973e-07,0.000480065807748966
"MSTRG.62220",40.2380181690196,-30,6.13987824230204,-4.88609037770625,1.02857996793479e-06,0.000523251209443431
"MSTRG.29217|LOC111130497",2.81518925165473,20.3218631524359,4.165394052064,4.87873725713085,1.06767178270194e-06,0.000529070022957594
"MSTRG.60690",7.08486690662359,19.826522090186,4.0642132787205,4.87831733486875,1.06994687223962e-06,0.000529070022957594
"MSTRG.75562|LOC111114538",9.67256990746749,12.5558952309891,2.57280868803565,4.88022886792083,1.05962799206589e-06,0.000529070022957594
"MSTRG.34933",13.7438392051485,21.202037737703,4.34397148938466,4.88079578549589,1.05658610560516e-06,0.000529070022957594
"MSTRG.82412",5.33065899629177,-19.4354510956719,3.98662457297393,-4.87516462609207,1.08717751505491e-06,0.00053385700879894
"MSTRG.66818",21.6338736089302,-17.1289010786305,3.5225311784773,-4.86266840824241,1.15813769962513e-06,0.000564779826746155
"MSTRG.82828",5.72122354985891,-17.1934299331708,3.53875013944372,-4.85861653286251,1.18208826428927e-06,0.000572511255179169
"MSTRG.81661",37.3769036625676,-18.7166154747165,3.85571606931639,-4.85425149005718,1.20842301738389e-06,0.000581284353620626
"MSTRG.33601",1.19635691338984,14.8512245361555,3.06505535474411,4.84533648410908,1.26397275772448e-06,0.000603897146428755
"MSTRG.8687",10.6590465237903,25.4415767176725,5.25627311480867,4.84023112231272,1.29688212796891e-06,0.000611358881005396
"MSTRG.68559",149.214816033169,-15.6401395732405,3.23084293016962,-4.84088515328085,1.29262064384437e-06,0.000611358881005396
"MSTRG.22164|LOC111123797",15.3323567036847,19.0919561668057,3.95670009551303,4.82522195413707,1.39847438889624e-06,0.000654884255054582
"MSTRG.78386|LOC111115945",31.6898088711651,-14.9673389970619,3.10496209470596,-4.82045788017237,1.4322909616267e-06,0.000666307409128854
"MSTRG.3445",11.0402027811822,-18.4302136424016,3.82708626796774,-4.8157298665202,1.46662821185102e-06,0.000677821879007825
"MSTRG.57053",15.0730922748286,-19.91915822691,4.15102740158005,-4.7986091875298,1.59771201107715e-06,0.000733609181917379
"MSTRG.22701|LOC111125988",151.776256031149,-7.48411514677699,1.5605494468478,-4.79582057581987,1.6201024694908e-06,0.000739090746581703
"MSTRG.73800",5.21154964879037,-27.0733890715598,5.64950713479303,-4.79216831231625,1.64988396282142e-06,0.000747852210865805
"MSTRG.44157",1.58622258390811,23.3080651786338,4.87672584760007,4.77944955427505,1.75775767168992e-06,0.000791673902693413
"MSTRG.67412",79.8346037103085,-15.3000312734528,3.20332675645978,-4.77629428299783,1.78555035234343e-06,0.000799101588383265
"MSTRG.4873",11.7692004465063,14.0811300559526,2.94939717585451,4.77424002817557,1.80387135340178e-06,0.000802223567738321
"MSTRG.3303|LOC111120028",19.4552144150111,-14.5732132602833,3.05612476806682,-4.76852693075806,1.85577868187654e-06,0.000820149789838575
"MSTRG.68733",2.81320311073667,16.9849885790914,3.56752782533164,4.76099680526317,1.92639098246617e-06,0.000846068526466866
"MSTRG.1117",849.543432568972,1.53302711163198,0.322318050393104,4.75625584655368,1.97216499855222e-06,0.000860825674152011
"MSTRG.30208",10.8652732887697,-16.9763867873302,3.57547969470188,-4.7480025722103,2.05435424408858e-06,0.00089119903652606
"MSTRG.63313",18.213926898512,11.5608614044525,2.43849914281434,4.74097415146505,2.12693070261109e-06,0.00091705729824593
"MSTRG.74689",4.88917081667456,-20.0003849790219,4.2201380975577,-4.73927262963186,2.14486760116646e-06,0.000919186260279282
"MSTRG.60197",18.0427138114713,-16.9859273013147,3.5879689508061,-4.73413441816394,2.19991902378202e-06,0.000937099241509943
"MSTRG.77558",2.72587970429499,20.0082481119775,4.22768025450564,4.73267771153076,2.21577161177882e-06,0.000938200158326298
"MSTRG.77298",26.1962069727265,-21.1283445099125,4.46645283834397,-4.73045283911388,2.24019565957846e-06,0.000942895686216981
"MSTRG.11053",9.79297494853045,20.1566988872537,4.27786735658923,4.71185691538711,2.45469714140389e-06,0.00102706561873261
"MSTRG.6596",11.1342689544902,-16.5738580622548,3.51932346155948,-4.70938754089704,2.4846225700905e-06,0.0010274277576238
"MSTRG.55082|LOC111103270",70.2755814408256,9.75999138177315,2.07231431284568,4.70970611034908,2.48074236164383e-06,0.0010274277576238
"MSTRG.61446|LOC111110274",11.9760599746464,29.4306247406841,6.25471183878848,4.70535262043098,2.53427531187485e-06,0.00104186710219757
"MSTRG.55738",8.74425663099104,-14.8467230881611,3.1631081978764,-4.69371332227226,2.68289941112565e-06,0.00109659248705263
"MSTRG.67320",6.74237590925507,-21.5947587574111,4.60373287299012,-4.69070629273617,2.7226356429212e-06,0.00110643844222185
"MSTRG.72654",1.58571235576259,21.5049068741661,4.5874130710321,4.68780694940293,2.76148327024994e-06,0.00111581282012939
"MSTRG.64805",5.38286808612298,-22.0011472975866,4.71057520582218,-4.67058614633593,3.00341494306214e-06,0.00120667314794811
"MSTRG.18190",19.7607573261583,7.59712393916675,1.62816099740551,4.66607660499965,3.07005283452372e-06,0.00122647743492659
"MSTRG.38151|LOC111136629",10.0814613123891,-17.2838536857133,3.70538326551893,-4.66452521836299,3.09330397363226e-06,0.00122882369258152
"MSTRG.42589",14.9278949497696,-15.9756837027211,3.429812622439,-4.65788818846917,3.1946963434291e-06,0.00126201214044813
"MSTRG.64643",2.98371378175317,-19.1811366530884,4.11936309530887,-4.65633550849933,3.21887229372439e-06,0.00126449821534192
"MSTRG.53248",7.80611271134213,-19.6971679092119,4.23411041979429,-4.65202036704769,3.28698605059236e-06,0.00128412193714606
"MSTRG.76129",9.23532725235659,-18.1253611086909,3.90082458282925,-4.64654606322869,3.37538789656274e-06,0.001311412382164
"MSTRG.25410|LOC111126611",1.39852426425993,19.148968554831,4.12289419516928,4.6445452268136,3.40826382623359e-06,0.00131694941757816
"MSTRG.28967",15.7018358623891,-7.57014687404755,1.63181757802466,-4.63908893738681,3.4994844260719e-06,0.00134484806115201
"MSTRG.16988|LOC111126977",9.09500581722386,-17.4690866250639,3.77982136286893,-4.62166990130049,3.80663388342572e-06,0.00145497777584279
"MSTRG.68659",50.3472126521809,21.9512371263717,4.75842666716989,4.61312922563695,3.96651519252535e-06,0.00150793685902505
"MSTRG.79851|LOC111112169",6.77633315523057,-16.1666260086778,3.51552254951144,-4.59864096474775,4.2525592848173e-06,0.0016080359336295
"MSTRG.46835|LOC111134224",6.16607230477206,27.566167595878,6.00286278946971,4.59217019656603,4.38660392882286e-06,0.00163253237058418
"MSTRG.71128",319.816909707592,-14.0802461083905,3.06555082026922,-4.59305584343696,4.36802114199525e-06,0.00163253237058418
"MSTRG.34180|LOC111133492",4.01090370226816,16.7215843728425,3.63967234161618,4.59425541734818,4.34297171870286e-06,0.00163253237058418
"MSTRG.83095",5.09617612777678,16.2968021828966,3.55431077768761,4.58508082219503,4.53810857111582e-06,0.00168007432027314
"MSTRG.28950|LOC111129928",221.358719193898,-3.89601317146003,0.851698582921627,-4.57440372636916,4.77578145734655e-06,0.00175885563870017
"MSTRG.50686",53.3738911563343,29.3680751467916,6.42201794051892,4.57302913489191,4.8072326328431e-06,0.00176126542332108
"MSTRG.5055",8.25609803273697,6.58327574603367,1.44104481765565,4.56840458074274,4.9145070931104e-06,0.00179128717041716
"MSTRG.69352|LOC111110984",3.08003559006245,28.0879614555659,6.15874781414702,4.56066107968346,5.09928280105236e-06,0.00184910454433443
"MSTRG.1176",5.76869775104146,6.87193843475968,1.50721029795801,4.55937598361016,5.13058441135633e-06,0.00185096303220111
"MSTRG.74981",5.59655169880293,23.6682990567331,5.19365296346926,4.55715836680068,5.18503297924944e-06,0.00186111099997821
"MSTRG.19418|LOC111123608",1.90919599475574,18.735061723145,4.11338548539332,4.55465742018915,5.24710189374569e-06,0.0018644614171289
"MSTRG.74290",4.5660517527493,-21.4708947340754,4.71324018213802,-4.55544252029521,5.2275409375021e-06,0.0018644614171289
"MSTRG.43292|LOC111132214",5.79129982603974,-16.8241793799568,3.69912349927862,-4.54815292953525,5.41188040818185e-06,0.00191339737771473
"MSTRG.41526",41.1671839360812,-14.7567089021495,3.24611944628367,-4.54595375997139,5.46870424661289e-06,0.00192386838797136
"MSTRG.1159|LOC111135084",22.255093879587,-5.74039308133556,1.26570915983986,-4.53531764126748,5.75168560471824e-06,0.00201340317225362
"MSTRG.75627",2.3213826458773,30,6.61987164932701,4.53180991855784,5.84804606771885e-06,0.0020370501748496
"MSTRG.47963",5.16113553990163,-15.6965000360941,3.48015346947917,-4.51028961043009,6.47391805887151e-06,0.00224400597971011
"MSTRG.7004",15.6536813364184,-14.6403072149532,3.24948027623839,-4.50543039821151,6.6238548232173e-06,0.00228197060921413
"MSTRG.20008|LOC111122534",8.61375497976799,-17.946570409326,3.98400278552016,-4.50465809776859,6.64798893380254e-06,0.00228197060921413
"MSTRG.23342|LOC111124843",185.931925383422,-7.43138486566124,1.65091204691724,-4.50138145126381,6.75132172645672e-06,0.00229783491562385
"MSTRG.39756",17.1442486337265,30,6.66498758850948,4.50113366328249,6.75919817920494e-06,0.00229783491562385
"MSTRG.2925",4.54436829905739,-17.0860742721317,3.79817479586982,-4.49849603833696,6.84358715795836e-06,0.00231539182548514
"MSTRG.19202",6.27876193955344,-18.8144514874837,4.1839833451194,-4.49677972772781,6.89903957455145e-06,0.00232303803502908
"MSTRG.69180",222.77409275727,-16.5381386254992,3.67974980633073,-4.49436496933747,6.97778638218337e-06,0.00233841826005009
"MSTRG.79657",5.33474908257368,-23.7897799747067,5.30950547959536,-4.4806018312123,7.44328562926967e-06,0.0024826517459023
"MSTRG.7688|LOC111100345",65.2869000582483,5.88079990393122,1.3134568307881,4.47734540342877,7.55769192588378e-06,0.00249725212042602
"MSTRG.17783",9.82651570370123,21.0350488896362,4.69766319084949,4.47776863411793,7.54272828922518e-06,0.00249725212042602
"MSTRG.38713",5.65400561123925,-18.0088830524706,4.03175469123338,-4.46676061210495,7.94129065666321e-06,0.00260766211389621
"MSTRG.51114|LOC111099985",1.57150726037155,21.4593134079149,4.80492636347164,4.46610661321564,7.96559257543497e-06,0.00260766211389621
"MSTRG.62146",14.6229089588635,-16.9754833921438,3.80569570540258,-4.46054669269677,8.17508445631026e-06,0.0026639096635491
"MSTRG.64132|LOC111106368",1.88898475685463,20.9828400809817,4.71051560719015,4.45446779731574,8.4101550428925e-06,0.0027279379506329
"MSTRG.52967",7.12681769820207,25.085714246767,5.63990628527925,4.44789558157082,8.67156630264843e-06,0.00279988641473321
"MSTRG.83077",5.28918270928422,-16.7042577818593,3.75840878600641,-4.44450264272843,8.80954252887473e-06,0.00283150709890573
"MSTRG.12380",20.4408737905839,-17.9742151694595,4.05280436603812,-4.43500686094811,9.2069356629751e-06,0.00294584446907074
"MSTRG.29560",28.6984989481734,-15.636741777015,3.52678640619234,-4.43370819099222,9.26259766991989e-06,0.00294703555567197
"MSTRG.64071|LOC111105842",15.7968921040111,-15.8612047276113,3.578001706847,-4.43297852464931,9.29401265594955e-06,0.00294703555567197
"MSTRG.18772",21.9402541243657,-15.231624834713,3.44411485000728,-4.42250781348967,9.75618199287825e-06,0.00307977403972506
"MSTRG.75031",13.5160324754491,-14.7198917004409,3.33133914872139,-4.41861096793181,9.93372727163938e-06,0.00312188350713285
"MSTRG.10440",25.7842584186331,-16.1342245507102,3.65748403629894,-4.41129049110946,1.02756350300668e-05,0.00321504614429669
"MSTRG.46224",46.361533821853,-19.1690241632724,4.35861763623725,-4.39795957413251,1.0927332555284e-05,0.00340388815998539
"MSTRG.72212",16.8728112102789,-14.6514481257712,3.33690881705231,-4.39072474827575,1.12973476916557e-05,0.00350371382730117
"MSTRG.25666",37.4374412587834,14.357213126282,3.27257197453201,4.38713441232568,1.14853817976776e-05,0.00354647525019904
"MSTRG.63241|LOC111110122",15.3549306037719,-15.5851044270518,3.56014286843593,-4.37766263967346,1.19958839803897e-05,0.00368800413972754
"MSTRG.53331|LOC111100471",2.54947769876939,17.071974101483,3.9055631806874,4.37119393840615,1.2356897263685e-05,0.00376624380350184
"MSTRG.15450",125.779223859797,-3.06273541612202,0.700551212415792,-4.37189367720946,1.23173508982779e-05,0.00376624380350184
"MSTRG.61834|LOC111108040",21.5663234440833,-15.3566417191235,3.51475324558626,-4.36919483278321,1.24705471587663e-05,0.00378457021520825
"MSTRG.66882",17.2751476916266,-16.2106292671432,3.71155360932664,-4.36761285797086,1.25611892746818e-05,0.00379578741368386
"MSTRG.78439",49.493570137007,-23.8391554224834,5.46486950425462,-4.36225520187145,1.28728586209689e-05,0.00386117254391069
"MSTRG.49476",6.6509760183957,29.9980388921293,6.87709973710631,4.36201887988783,1.2886774622943e-05,0.00386117254391069
"MSTRG.69155",28.0988357958251,-14.6494550653598,3.36177918095048,-4.35764941027982,1.31466749695352e-05,0.00392242419312574
"MSTRG.61921",72.9741626748385,-21.0576030499955,4.85460833873913,-4.33765230491585,1.4401273625441e-05,0.00427869100558217
"MSTRG.49191",251.34050889433,-2.95116541707596,0.681172085106629,-4.33248144132917,1.47438094820826e-05,0.00435325065940395
"MSTRG.13240",323.137478085679,-2.34882889800142,0.542202892631746,-4.33201100532803,1.47753554363105e-05,0.00435325065940395
"MSTRG.79267",33.1946101815931,-8.35376373385524,1.93012237318424,-4.32810056497791,1.50400797482507e-05,0.00441285924928861
"MSTRG.56877",3.29090286044112,17.8840317349724,4.13443155456871,4.32563255647802,1.52094772671837e-05,0.00444412126875961
"MSTRG.17949",21.9399069309853,-15.7036148435272,3.63440551041622,-4.32082077757163,1.55449895998788e-05,0.0044682998357603
"MSTRG.83064",13.4809832763306,-6.87743892991214,1.59165498761633,-4.32093574513396,1.55368915807216e-05,0.0044682998357603
"MSTRG.78777",16.4864739637704,-18.244671771195,4.22203513774254,-4.32129794659884,1.5511405327564e-05,0.0044682998357603
"MSTRG.65865",7.02898963459585,-18.761362246785,4.33938686535748,-4.32350533126285,1.53569425359925e-05,0.0044682998357603
"MSTRG.24985|LOC111122592",26.1435678941003,-14.7897438778146,3.42654715789958,-4.31622364913853,1.58721169510484e-05,0.00454385935921288
"MSTRG.62158",18.7525372572234,-15.9248906812995,3.6925675576835,-4.3126876983369,1.61281858980604e-05,0.00459854900418447
"MSTRG.27929|LOC111131462",13.938258460129,-15.8213763500651,3.67079565035501,-4.31006731429873,1.63204859884684e-05,0.00463469030012286
"MSTRG.48267",24.4115331681807,-13.5509152724375,3.14756312481253,-4.30520842159267,1.6682859343516e-05,0.00471864666815745
"MSTRG.58566",5.60484606596382,-20.7298617959065,4.82011938231035,-4.30069468237327,1.70263513876153e-05,0.00479661487238911
"MSTRG.17428",42.0276891494584,-15.8718805605297,3.69163293376164,-4.29942002504481,1.71245656209626e-05,0.00480513952231702
"MSTRG.12549",7.85475697606837,19.1059986692786,4.44757045619605,4.29582821845159,1.74042319904805e-05,0.00486431086276232
"MSTRG.77103",157.355901926148,-16.3729032805807,3.81344007224725,-4.29347333913451,1.75899445428218e-05,0.00489686050617116
"MSTRG.77010",12.164833316463,-17.3131656664437,4.03395148462349,-4.29186263950808,1.77180546992684e-05,0.0049131818268234
"MSTRG.55546",101.79391100817,-14.4108677691017,3.35920316101367,-4.2899661254049,1.78700373256997e-05,0.00491942100953227
"MSTRG.33281|LOC111131607",8.02070451675378,-6.73515604929743,1.57045450383141,-4.28866677313209,1.79748807999873e-05,0.00491942100953227
"MSTRG.15345|LOC111120385",6.51404712412063,-16.6978208412096,3.89474630203524,-4.2872679107453,1.80884086277721e-05,0.00491942100953227
"MSTRG.35072|LOC111137304",0.899520730983843,30,6.99648633131326,4.28786659179665,1.80397379520927e-05,0.00491942100953227
"MSTRG.21369",1.16073430236374,30,6.99411059209998,4.28932308189203,1.79218508502523e-05,0.00491942100953227
"MSTRG.44502",13.5030628923592,-15.5278464418898,3.62334244392099,-4.28550342183125,1.82325841555722e-05,0.00493963317327458
"MSTRG.83432",11.7331501913574,-15.7324513255695,3.67256628588878,-4.2837760031776,1.83747907395319e-05,0.00494030352845261
"MSTRG.64164|LOC111106359",6.24415059195662,-15.6126901661375,3.64439007009363,-4.28403377954994,1.83535029030926e-05,0.00494030352845261
"MSTRG.57190",11.4134609836685,-15.9063915180451,3.72235685933415,-4.27320434851871,1.92683717772897e-05,0.00510294320877878
"MSTRG.76100",1220.10338926674,-5.45909612463259,1.27733251793732,-4.27382537277616,1.9214754587872e-05,0.00510294320877878
"MSTRG.52839",25.2906493848262,-8.99948921102124,2.10527967511022,-4.27472383713108,1.91374355785475e-05,0.00510294320877878
"MSTRG.16307",30.914611949124,21.5484105481195,5.04052187456125,4.27503561821069,1.91106740079138e-05,0.00510294320877878
"MSTRG.80250",6.49016190759521,-30,7.02686229774559,-4.26933085192588,1.96060266005119e-05,0.00517299159309252
"MSTRG.19378",6.1418246159702,19.7796960367888,4.63892441832677,4.26385391377495,2.00930838347259e-05,0.00528179201129109
"MSTRG.75218",28.8739693964704,-18.4892949129517,4.34086218004841,-4.25936004094595,2.05013019004213e-05,0.00536913910622477
"MSTRG.11717|LOC111118776",19.3434333889291,-3.72309354520861,0.874646825758328,-4.25668216651978,2.07482988086349e-05,0.00541377474928923
"MSTRG.67407",4.96754656004073,16.8797461416859,3.96966030319643,4.25218906718393,2.11691019469039e-05,0.00550326605796884
"MSTRG.25474",34.6614515921448,9.24257906393911,2.1754610118811,4.24856111576422,2.15147954305795e-05,0.00556382288600506
"MSTRG.22498|LOC111127243",2.11544267901524,16.165718934763,3.80540254843394,4.24809694349309,2.15594104278738e-05,0.00556382288600506
"MSTRG.54050",74.9075271846141,-23.7010159566474,5.58068763819525,-4.24697053360115,2.1668044398595e-05,0.00557152395443292
"MSTRG.74310",1650.24775536943,-6.04119186432171,1.42328094592394,-4.24455332000529,2.19029283694278e-05,0.00561151437656018
"MSTRG.75827|LOC111112412",44.9893753893807,-8.13603278908827,1.91824171887311,-4.24140123167996,2.22128636043938e-05,0.00567037472321404
"MSTRG.56639",648.384522641055,4.94380555316291,1.16612727173435,4.23950770468659,2.24010505608514e-05,0.0056978441949941
"MSTRG.4140",28.7639747299475,6.07348601493443,1.43296924624584,4.23839243643646,2.25125998104066e-05,0.00570569335194861
"MSTRG.10317",33.2844651407321,-14.3804270981404,3.39534918776808,-4.23533083134618,2.28215459298804e-05,0.00576333690802775
"MSTRG.69278|LOC111110896",12.3929915063294,-15.2935834278847,3.61246848230808,-4.2335548400725,2.3002605681642e-05,0.00578838879129746
"MSTRG.68103|LOC111108749",3.20347908020413,21.8133268243147,5.1649633256231,4.22332656576669,2.40722626339617e-05,0.00603607717414916
"MSTRG.54198",71.4857526051975,-21.2062674236105,5.02845536779944,-4.21725278887995,2.47296695612142e-05,0.00617900941463963
"MSTRG.69110",61.5172562980306,-14.5555962477906,3.45541858952967,-4.2123973899706,2.52674506982118e-05,0.00629115037437063
"MSTRG.39859",31.2536623076187,-8.28523047769576,1.96783688903832,-4.2103237945421,2.55004946819541e-05,0.00632689641914265
"MSTRG.11380|LOC111118300",84.1124992993274,-4.33912467150774,1.03096674445501,-4.20879208262094,2.56739496183942e-05,0.00634765962051144
"MSTRG.48803",20.6532192877006,-23.2540569844684,5.52625494824642,-4.20792330470518,2.57728303846033e-05,0.0063499045621104
"MSTRG.31851",30.6002141838301,-6.7817463742917,1.61726659582455,-4.19333855766315,2.7487872434299e-05,0.00674894079063095
"MSTRG.8274|LOC111109352",52.8097304394208,-3.28376864689018,0.783916729514246,-4.18892533257323,2.80278593413263e-05,0.0068577092106731
"MSTRG.81768|LOC111116824",2.43303630229513,23.1190849801567,5.52686604081946,4.18303697057381,2.87640593515902e-05,0.00698946873130685
"MSTRG.16458",4.32359825090088,21.294402054883,5.09062683893433,4.18306089380159,2.87610314658428e-05,0.00698946873130685
"MSTRG.55646",4.86259896010735,25.8744044274528,6.19160493384688,4.17894951372113,2.92858682432558e-05,0.00709189393612625
"MSTRG.42254",1.71660402940868,17.9792265260708,4.30829791548714,4.17316232042367,3.00400761428748e-05,0.00724598392820805
"MSTRG.9139|LOC111121910",155.552696671414,-2.77569942744727,0.665236009531469,-4.17250327354079,3.01271269660048e-05,0.00724598392820805
"MSTRG.77114",305.847803054142,-16.531141072904,3.96447281168581,-4.16982077016049,3.04839279902801e-05,0.00730344350520523
"MSTRG.38276",435.983796652119,-1.40626175172093,0.337301082338749,-4.16915872896203,3.05726022477514e-05,0.00730344350520523
"MSTRG.49855",10.9978608654582,-18.0230246943227,4.33308129742381,-4.15940146450474,3.19082634694051e-05,0.00759685258648182
"MSTRG.11498",16.3363818286204,-16.0544219023066,3.86307223132188,-4.15586894082306,3.2405355396715e-05,0.00768931236730576
"MSTRG.39978",705.110192377226,-0.949664252668937,0.228589986691169,-4.15444379876516,3.26079748998813e-05,0.00771151342189133
"MSTRG.33783",12.5303777992608,-18.6295005826777,4.49078173573425,-4.1483870022981,3.34826041919249e-05,0.00789196141671734
"MSTRG.30602",9.17344974821587,-16.5254005302773,3.9924159035645,-4.13919815205703,3.48521828921999e-05,0.00818748406807424
"MSTRG.49791",30.9529763654053,22.7910372006322,5.50867458911702,4.13729960481934,3.51417128344472e-05,0.0082281644246245
"MSTRG.70368",115.44968228444,-21.0013484342572,5.07768587683271,-4.13600780821778,3.53400170602799e-05,0.00824728695164835
"MSTRG.54652|LOC111103658",9.21864129198466,-14.3388058056814,3.46797413653952,-4.13463458524787,3.55519861116849e-05,0.00826946213797156
"MSTRG.40056|LOC111134230",80.376432397583,-4.76709890185087,1.15335987610421,-4.13322762532111,3.57704145914345e-05,0.0082929894628686
"MSTRG.77601|LOC111111285",84.2167644567671,-6.68373987887496,1.6198948770993,-4.12603309842138,3.6907417384078e-05,0.00852862872759981
"MSTRG.60687",7.63273896136652,18.2034971755669,4.41426650322738,4.12378753350252,3.72692700528215e-05,0.0085841933378015
"MSTRG.10062|LOC111122156",19.6035260356362,-14.1371738830309,3.43344133796856,-4.11749393434967,3.83014606934113e-05,0.00879329411393443
"MSTRG.50499|LOC111099450",0.919058381867827,19.9559226479091,4.8504454339246,4.11424536565962,3.88448082719267e-05,0.00883669010272811
"MSTRG.75128",693.479419432622,-2.78135204683836,0.675836821409702,-4.1154195195178,3.86475833382507e-05,0.00883669010272811
"MSTRG.57082",7.33398255449488,-16.9483779824427,4.12030199355595,-4.11338246782627,3.89903595204589e-05,0.00883669010272811
"MSTRG.72051",8.14120556898046,-30,7.29234350743982,-4.11390384577925,3.89023531404231e-05,0.00883669010272811
"MSTRG.84223",19.9631216253871,-12.176296175102,2.96317270989176,-4.10920906987794,3.97016528162671e-05,0.0089662635192481
"MSTRG.52075",8.07884595578721,30,7.30185214622624,4.10854662614672,3.98156827798207e-05,0.0089662635192481
"MSTRG.83180",47.4616545443902,-10.7977963451737,2.63118952102432,-4.10376989528681,4.06471757507215e-05,0.00912445220479133
"MSTRG.74191",40.6809534651443,26.8916139225326,6.55734964834945,4.1009882596853,4.11389434069649e-05,0.00917657989668737
"MSTRG.6776",255.397041576103,-1.92545319664899,0.469426639386376,-4.10171267477683,4.10103325794322e-05,0.00917657989668737
"MSTRG.49787",19.6884816608494,-15.2847867433507,3.72896580496788,-4.09893454184742,4.15056389680139e-05,0.00920032989676247
"MSTRG.66272|LOC111106627",9.2371773468938,-14.6127185793844,3.56496213982206,-4.09898282401221,4.14969826018829e-05,0.00920032989676247
"MSTRG.58205",449.054054535772,-2.96608338600838,0.724914047767753,-4.09163458087468,4.28343244941213e-05,0.00943569445265984
"MSTRG.47309",17.3800122880657,-15.587592481053,3.8091343493046,-4.09216138146943,4.2737104959661e-05,0.00943569445265984
"MSTRG.60160",10.6012210482301,7.07219747985357,1.73205332308063,4.08312918869897,4.44333050431894e-05,0.00972731712974912
"MSTRG.45708|LOC111137853",24.6830200914447,6.33053671462952,1.55025088346914,4.08355626959109,4.43516834734727e-05,0.00972731712974912
"MSTRG.44489",3.21758420919354,18.0519309109757,4.42685088489095,4.07782673967804,4.54586210308099e-05,0.00992106343120245
"MSTRG.80899|LOC111117020",1122.65438833214,-7.1701457569577,1.76012145734949,-4.07366532975231,4.62789714107097e-05,0.0100690226074544
"MSTRG.25985",27.5611986953593,-5.93549535472977,1.45753052432127,-4.07229574659767,4.65520177763825e-05,0.0100973611318582
"MSTRG.69054",736.253576760153,-4.78198045106532,1.17530965219954,-4.06869835716574,4.72765041113573e-05,0.0101919782994457
"MSTRG.78387",54.5818297426826,-15.7949350798459,3.88187212048015,-4.06889629272286,4.72363650634168e-05,0.0101919782994457
"MSTRG.43145",527.453405565059,-1.83254333266642,0.450901140529806,-4.06417985661601,4.82016478501324e-05,0.0103598380581481
"MSTRG.63155|LOC111107282",9.67695368036233,17.6151571163641,4.33515727280339,4.0633259667124,4.83783954633772e-05,0.0103663173382147
"MSTRG.53255",4.97263338254495,24.9326601948679,6.13769216483401,4.06222070531981,4.86080872302368e-05,0.010384067843315
"MSTRG.23266|LOC111126224",103.540168534035,-4.83235804037953,1.19619821979056,-4.03976361144028,5.35051007853229e-05,0.0113957806675632
"MSTRG.58978",7.84337354993879,-17.5913447395716,4.35534156031748,-4.03902759311702,5.36732515305939e-05,0.0113972651320715
"MSTRG.11129",1045.29993225777,3.14570277972251,0.779352615114671,4.0363023344185,5.43002337110619e-05,0.011461563659531
"MSTRG.21059",32.9476338821058,-2.87164624023497,0.711411584980896,-4.03654691722806,5.4243681968e-05,0.011461563659531
"MSTRG.21127",5.49355713910875,-11.7689969081521,2.92034065266303,-4.03000824490119,5.57748965080586e-05,0.0117377937707778
"MSTRG.24871|LOC111125014",19.6969413102538,5.08309507097958,1.26174464581536,4.02862424488023,5.61042078373426e-05,0.0117720612474372
"MSTRG.24752|LOC111127320",75.410153298459,2.14912944281941,0.533724286133547,4.02666601212459,5.65733010085927e-05,0.0118353688982799
"MSTRG.13923|LOC111121973",37.5570975211205,-5.04371588459249,1.25666683295528,-4.0135664858213,5.98081461818481e-05,0.0124752030226096
"MSTRG.56212",26.6564862820349,-15.3000916137489,3.8225847371139,-4.00255132743,6.26630676752561e-05,0.0130322593481913
"MSTRG.43111|LOC111136074",41.3470797899753,6.21783048556826,1.5540621602716,4.00101787722671,6.30705921151688e-05,0.0130785473286091
"MSTRG.8543",11.7559958320074,-5.04459177949569,1.26166735354345,-3.99835326271044,6.37847047581847e-05,0.0131495051258192
"MSTRG.55474",2.63001017138981,24.5255035396396,6.1328850940814,3.99901566121109,6.36064715543392e-05,0.0131495051258192
"MSTRG.41245",2.47285751417851,22.8844946261257,5.74138011626988,3.98588739339445,6.72283918895528e-05,0.0138191477293668
"MSTRG.3242",68.2324590072839,2.4893170925468,0.625243073639915,3.98135892662511,6.85223855691342e-05,0.0140443084231277
"MSTRG.77854|LOC111115912",15.4168290502002,-6.10667762044232,1.53471483397945,-3.97903081747635,6.91967720507319e-05,0.014141540313524
"MSTRG.53836",7.79488048222516,6.84644168714515,1.72103185486242,3.97810282697669,6.94673307220458e-05,0.0141559205264743
"MSTRG.54171|LOC111104710",0.944677593832121,30,7.60130894156733,3.9466886862007,7.9239479318788e-05,0.0142530108911481
"MSTRG.50975",1.01295972361537,30,7.61717266423839,3.93846920929678,8.20031149133558e-05,0.0142530108911481
"MSTRG.54937|LOC111104871",0.284434995727495,30,7.61629285756587,3.93892416705046,8.18477925351544e-05,0.0142530108911481
"MSTRG.34909",0.560246403577344,30,7.60837697527876,3.94302228944181,8.046117407936e-05,0.0142530108911481
"MSTRG.2303|LOC111133146",0.997407634069231,30,7.60050938672474,3.9471038681169,7.91022455660588e-05,0.0142530108911481
"MSTRG.81548",463.433628888584,-14.6426430379475,3.69419383811072,-3.96369104590245,7.3799751637355e-05,0.0142530108911481
"MSTRG.17450|LOC111125395",0.745489011789869,30,7.60949853428408,3.94244112996895,8.06564517822438e-05,0.0142530108911481
"MSTRG.13356",8.76018410239603,-17.590244825932,4.42496555863343,-3.97522751145761,7.03120072849647e-05,0.0142530108911481
"MSTRG.39378|LOC111134455",0.401410101473025,30,7.61458519992728,3.93980751575102,8.15470114196487e-05,0.0142530108911481
"MSTRG.60499|LOC111106511",0.390131335338987,30,7.61585838728086,3.93914887520789,8.1771179894732e-05,0.0142530108911481
"MSTRG.83852",2.10441558109047,21.9880200686989,5.54962111565205,3.96207589860221,7.43009110585272e-05,0.0142530108911481
"MSTRG.81804|LOC111117610",0.248930695322951,30,7.61782253363463,3.93813322213038,8.21179995799248e-05,0.0142530108911481
"MSTRG.35131|LOC111135901",50.4665068925398,-5.40724647846146,1.37317174039406,-3.93777873473404,8.22393749711987e-05,0.0142530108911481
"MSTRG.73113",32.0097263340109,-16.9198661676983,4.26610694111482,-3.96611393039219,7.30539529527964e-05,0.0142530108911481
"MSTRG.40301",21.349394254431,-19.07188233889,4.83634739407706,-3.94344756173778,8.03185599114954e-05,0.0142530108911481
"MSTRG.80684",0.460333918406885,30,7.61432216168003,3.93994361717167,8.15007617396128e-05,0.0142530108911481
"MSTRG.21910|LOC111122535",0.548354866877815,30,7.61299003967146,3.94063302902925,8.12668679707145e-05,0.0142530108911481
"MSTRG.84605|LOC111116908",1.234641791897,30,7.60056727823669,3.94707380407005,7.91121753506777e-05,0.0142530108911481
"MSTRG.49793",0.349901389973293,30,7.61753505587965,3.93828184313301,8.20671625963126e-05,0.0142530108911481
"MSTRG.57443",0.587611871694212,30,7.60294567947845,3.9458390556406,7.95210171176119e-05,0.0142530108911481
"MSTRG.47547",1.31552382519714,30,7.59927091742959,3.94774713600385,7.88900642043908e-05,0.0142530108911481
"MSTRG.69956",3.53186481739121,-30,7.60544008867116,-3.94454491130462,7.99516689976464e-05,0.0142530108911481
"MSTRG.58316|LOC111105525",0.916123547405449,30,7.61712486199252,3.93849392566639,8.19946696041858e-05,0.0142530108911481
"MSTRG.3058|LOC111106522",0.538182976067961,30,7.60670886511419,3.94388697293066,8.01714553085452e-05,0.0142530108911481
"MSTRG.66367",131.512740414249,-4.57356686545942,1.16110594246975,-3.93897464320192,8.18305771461001e-05,0.0142530108911481
"MSTRG.74246",0.520117064090343,30,7.60523567395643,3.9446509334001,7.99163053259853e-05,0.0142530108911481
"MSTRG.1716",18.6251041059949,4.04453449992173,1.0183472638562,3.97166530855713,7.13719477106323e-05,0.0142530108911481
"MSTRG.57614",1.54193279200907,30,7.61701519431523,3.93855063101223,8.19752971232806e-05,0.0142530108911481
"MSTRG.725|LOC111102085",1.16083747001595,30,7.59829134399149,3.94825608045724,7.87225706923933e-05,0.0142530108911481
"MSTRG.68863|LOC111109391",15.7403853012077,-13.9218950186114,3.52216853505682,-3.9526487389925,7.72908554707629e-05,0.0142530108911481
"MSTRG.29150",9.39085844476291,-30,7.58632661494247,-3.95448304860883,7.67003093140869e-05,0.0142530108911481
"MSTRG.70916|LOC111113398",19.8762576892678,-4.40632399972849,1.11639668853949,-3.94691604244456,7.91643013928517e-05,0.0142530108911481
"MSTRG.941|LOC111127317",14.8090711722198,7.54194810499467,1.90187993641562,3.96552272337895,7.32352746655715e-05,0.0142530108911481
"MSTRG.21398|LOC111126683",0.643603243528417,30,7.61161495058009,3.94134493071193,8.10260101077601e-05,0.0142530108911481
"MSTRG.11625",0.890018452763452,30,7.60158126733602,3.94654729653552,7.92862654498943e-05,0.0142530108911481
"MSTRG.68145|LOC111109956",14.8276159658684,-14.5886310411069,3.68961702047562,-3.9539689241856,7.6865397173998e-05,0.0142530108911481
"MSTRG.58886|LOC111104820",0.400534756164208,30,7.61510315190435,3.93953954418828,8.16381454308794e-05,0.0142530108911481
"MSTRG.6750|LOC111104198",0.412679806163554,30,7.61797427142239,3.9380547808543,8.21448430345937e-05,0.0142530108911481
"MSTRG.33564",7.51790852418016,30,7.5965361554159,3.94916832964873,7.84231907185273e-05,0.0142530108911481
"MSTRG.64831|LOC111107955",1.4853473996763,21.6084763289094,5.46870766487118,3.95129483108299,7.77294936961923e-05,0.0142530108911481
"MSTRG.45299",0.766226040220775,21.7998086198055,5.49454620046008,3.96753577538035,7.26196136399147e-05,0.0142530108911481
"MSTRG.84223|LOC111116875",0.402636411373508,30,7.61793435544825,3.93807541522649,8.2137780925068e-05,0.0142530108911481
"MSTRG.71332",4.84570315870986,30,7.59750979316745,3.94866223495749,7.85891465897983e-05,0.0142530108911481
"MSTRG.70290|LOC111112817",0.494643930382988,30,7.61014350623,3.94210700171957,8.0768926277637e-05,0.0142530108911481
"MSTRG.16755",1.698940966292,30,7.60977756012954,3.94229657344798,8.07050943212969e-05,0.0142530108911481
"MSTRG.84402",19.3584928813284,10.1406569437027,2.57112583202653,3.94405315266503,8.01158886166692e-05,0.0142530108911481
"MSTRG.27938",12.4828145022343,-8.12250984360209,2.0548999139494,-3.95275204814773,7.72574817184564e-05,0.0142530108911481
"MSTRG.57630",1.049546958058,30,7.60317253378273,3.9457213244475,7.95601036232052e-05,0.0142530108911481
"MSTRG.36026",0.303420704926802,30,7.61788855470059,3.93809909197065,8.21296782713655e-05,0.0142530108911481
"MSTRG.65890|LOC111105882",0.700636933752404,30,7.60223866595006,3.94620602144051,7.93993016940522e-05,0.0142530108911481
"MSTRG.83910",114.315981280338,-17.2774183755831,4.38702835809708,-3.93829648803031,8.20621548042153e-05,0.0142530108911481
"MSTRG.45666",4.12049614039228,30,7.57512203366228,3.96033223843605,7.48455584939391e-05,0.0142530108911481
"MSTRG.20994",3.46387256557433,30,7.57523302379545,3.96027421278837,7.48637480615813e-05,0.0142530108911481
"MSTRG.66784",0.819342974047826,30,7.61719262004704,3.93845889114653,8.20066407540174e-05,0.0142530108911481
"MSTRG.70497|LOC111114741",0.556195401925521,30,7.60265932259566,3.94598767708002,7.94717010378058e-05,0.0142530108911481
"MSTRG.54340",0.463455956032683,30,7.60484738719155,3.94485233859228,7.98491673411664e-05,0.0142530108911481
"MSTRG.8165",2.11217816419705,30,7.59683212614855,3.94901447101075,7.84736081381244e-05,0.0142530108911481
"MSTRG.78715|LOC111111716",0.982782436312507,30,7.59905542229181,3.94785908680112,7.88531923430293e-05,0.0142530108911481
"MSTRG.69310",0.577177473575214,30,7.61753939433596,3.93827960014313,8.20679296075284e-05,0.0142530108911481
"MSTRG.61786",22.464759003006,-15.4015923450282,3.90254442543055,-3.94655144594004,7.92848920315258e-05,0.0142530108911481
"MSTRG.68580",29.1726155621938,29.7317374277358,7.54496239688437,3.94060776764285,8.12754270820189e-05,0.0142530108911481
"MSTRG.54559",37.7036036039679,-16.8161380953296,4.27285874791735,-3.93557079403246,8.29991925083222e-05,0.0143495254314327
"MSTRG.74092",62.5073898105861,-4.77955241950914,1.21509181423689,-3.93349075642552,8.37210599902172e-05,0.0144390240804104
"MSTRG.32603|LOC111128671",11.933354893697,-18.1983161694128,4.62769098848477,-3.93248300603826,8.4072924934469e-05,0.0144644296716332
"MSTRG.47748",19.2157373351561,-14.2549664058454,3.62665180956809,-3.93061345680798,8.47293988177748e-05,0.0145419915529215
"MSTRG.44344",5.58649631347388,5.3941298455833,1.3725556456979,3.9299899151561,8.49494244512137e-05,0.0145444521849147
"MSTRG.46938",3.43157119729039,29.6160006410059,7.54974791530597,3.92278006805551,8.75330491740525e-05,0.014950602512431
"MSTRG.76248",4.07725235026377,6.98445290692617,1.78111246057828,3.92139916008364,8.80362896358579e-05,0.0150003230757618
"MSTRG.76379",40.7796385738843,6.72045694189492,1.71560519213909,3.91725145895343,8.95643099966786e-05,0.0152239950100364
"MSTRG.2156",1.86447765209636,22.9169127189504,5.86181282674638,3.909526522987,9.24772018586871e-05,0.0156814278672173
"MSTRG.82277",3.93682530812691,-27.672871393468,7.08193652245266,-3.90752886667842,9.3244904026988e-05,0.0157737808819434
"MSTRG.82107",203.050172931182,-3.85466522819994,0.986865519093683,-3.90596809151867,9.38488963023071e-05,0.0158380651704832
"MSTRG.60042|LOC111105213",38.3791928766119,-10.2079567738577,2.61475979545114,-3.90397496229534,9.46255745186284e-05,0.0159311166661589
"MSTRG.21442|LOC111124666",28.4790736954204,5.55320540724425,1.42273071620915,3.9032020212797,9.49284026629282e-05,0.0159441384339627
"MSTRG.8190",6.51882478606819,18.719640764739,4.80150972417513,3.8986989176524,9.67109358834656e-05,0.0162050402541605
"MSTRG.4181|LOC111114614",10.8783245394444,7.89812017529633,2.02689652750233,3.89665681899849,9.75296650323454e-05,0.0163035937212817
"MSTRG.24434",8.04219084160178,-16.7797081137955,4.30731290539378,-3.89563249347019,9.7942803417118e-05,0.0163340414444053
"MSTRG.56523",27.7809849606085,11.9771755546248,3.07597931010146,3.89377637076165,9.86956411264795e-05,0.0164208646581047
"MSTRG.47515",113.845204478134,-14.9519839639322,3.84233560332867,-3.89137897037914,9.96761062845185e-05,0.0165450637358793
"MSTRG.13077|LOC111120708",43.0378583938657,23.4415965552148,6.02741136020447,3.88916487598411,0.000100589765582918,0.0166576180658869
"MSTRG.63643",1.30962075538155,-14.5893586857341,3.75847494873752,-3.88172300859281,0.000103718976755963,0.0171356835639975
"MSTRG.79146",26.7590206041251,-3.72744977569545,0.960684540993888,-3.87999350113323,0.000104459255815915,0.017183508436545
"MSTRG.57462",78.7935883876685,5.94838492210962,1.53312386144914,3.87991151379452,0.000104494472256288,0.017183508436545
"MSTRG.40360",177.223148358793,-16.0600648515815,4.14003253692592,-3.87921223042042,0.000104795294672785,0.0171929932287872
"MSTRG.73235",8.1143623538452,8.44721521233828,2.17894311500575,3.87674884863435,0.000105861532133034,0.0173277194413403
"MSTRG.40483",18.2141753898349,15.1974020715146,3.92315154068708,3.87377390699851,0.000107162837830272,0.0173856133084951
"MSTRG.50903|LOC111100605",18.7971284386413,5.64837074653873,1.45795187186861,3.87418189552402,0.000106983485771314,0.0173856133084951
"MSTRG.22364",41.7691853858318,4.00064754821038,1.03277367787383,3.87369240126891,0.000107198701793269,0.0173856133084951
"MSTRG.38423",29.4671535410087,-4.50744975070674,1.16322209368222,-3.87496916984981,0.000106638199699134,0.0173856133084951
"MSTRG.72145",18.2591013977095,13.9823051634867,3.61025561845452,3.8729404898682,0.000107530090693627,0.0173994513570642
"MSTRG.11869",36.1698111187409,14.9163131990126,3.85209527146364,3.87225967891107,0.000107830977206941,0.0174083018933333
"MSTRG.74033|LOC111110849",7.01794921384155,-15.7213051564462,4.0611077338818,-3.87118643154513,0.000108306915944056,0.0174453082763557
"MSTRG.17456",23.1754679565455,-6.95848800484915,1.80007802339885,-3.86565910721489,0.000110789594881238,0.0178046432810164
"MSTRG.1739",18.9908865327239,-15.8812239666414,4.1106032907332,-3.86347765605197,0.000111784122536958,0.017923734895036
"MSTRG.27841",6.96687239705385,-16.9016565683651,4.37588003241234,-3.86245885243054,0.000112251476517818,0.0179579505793018
"MSTRG.50910|LOC111100621",114.313268227047,-5.03730740536426,1.30519036352852,-3.85944268830344,0.000113645904997923,0.0181059340377067
"MSTRG.29436",119.275539916503,5.07417916827383,1.3147752866032,3.85935088678406,0.000113688601670769,0.0181059340377067
"MSTRG.37835",3.00543948362579,8.69607036881878,2.25461433591682,3.85701014594259,0.000114782399761169,0.0182390522910383
"MSTRG.74229",14.0500428155546,-5.63340091395671,1.46211757778171,-3.85290553889897,0.000116724429503434,0.0185060563556443
"MSTRG.5218|LOC111126792",0.952394848101838,15.1297304159375,3.93547475430886,3.84444860162609,0.000120823804713993,0.0190704733373463
"MSTRG.76758",10.0375014000882,6.48035542418572,1.68540739088118,3.84497864388597,0.00012056293805123,0.0190704733373463
"MSTRG.39985",112.818120400112,-16.3880037680147,4.26428014242794,-3.84308798218025,0.000121495888488945,0.0191338435878437
"MSTRG.13815",12.6148286645628,-5.62568655204236,1.46521788875221,-3.83948803466579,0.000123291137681578,0.0193734214146712
"MSTRG.58088",4.93808846990811,-17.9957791591125,4.6919396582939,-3.8354668793111,0.00012532599524032,0.0196068291672276
"MSTRG.3137",4.28034485171773,-17.9217437387662,4.67264898769496,-3.83545688665288,0.000125331091111523,0.0196068291672276
"MSTRG.4100|LOC111112354",1.62784384912869,-18.4482451179345,4.81534931942628,-3.83113329774639,0.000127554373780398,0.0198358914458673
"MSTRG.39593|LOC111138188",11.3101667613934,-14.4258157061737,3.76557366249228,-3.83097424168455,0.000127636868491036,0.0198358914458673
"MSTRG.68091",22.336978971327,-18.4890763775245,4.82556413450156,-3.83148495433567,0.000127372164797154,0.0198358914458673
"MSTRG.33705|LOC111131487",1.1927346195131,20.5722057274513,5.37318325903359,3.82868119989479,0.000128831760681191,0.0199776812051047
"MSTRG.80317",1.5924673512046,25.0247841592451,6.54087577386723,3.82590726752931,0.000130291333300571,0.020159804089752
"MSTRG.10516|LOC111119912",3.99318288385391,17.0883850255953,4.46835697878692,3.8243106150025,0.000131138502733772,0.0202465822419384
"MSTRG.2684|LOC111122190",25.1056029749448,13.2630889350367,3.469930077865,3.82229285242465,0.000132216535023852,0.0203685477300035
"MSTRG.4471",10.5491028363005,-16.7525504983969,4.38367710749718,-3.82157492159856,0.000132602114803288,0.020383539434468
"MSTRG.65289",128.111210857204,2.16613416299126,0.567116869346338,3.81955515710185,0.000133692562721903,0.020506583085962
"MSTRG.84442|LOC111117648",1.35500140178305,21.1452393069615,5.53989194134024,3.81690464919898,0.000135136363964741,0.020683176260413
"MSTRG.5288",3.60867973245951,-6.93541194280067,1.81782671138752,-3.81522171467432,0.000136060713894735,0.020734890388385
"MSTRG.38576|LOC111133803",10.0420111303534,9.93048557473621,2.6025137777499,3.81572833912985,0.000135781826180988,0.020734890388385
"MSTRG.19597|LOC111125215",11.9896600846507,-15.3392913849588,4.02548110906464,-3.81054859515241,0.000138658751734482,0.0210758282809415
"MSTRG.13375",7.39906307761774,-6.27839511065757,1.64781673524836,-3.81012947396197,0.000138894033162008,0.0210758282809415
"MSTRG.16653",9.00387623925042,-16.2462427498215,4.26816557796237,-3.80637593670334,0.000141017980232964,0.0213522963602851
"MSTRG.74237",44.2257704810078,27.5028755776942,7.22950904838661,3.80425218277194,0.000142233223356269,0.0214444636604374
"MSTRG.41024",9.47866647799247,-17.1386061862337,4.50510547364919,-3.80426302702104,0.000142226993141115,0.0214444636604374
"MSTRG.76729",81.0590765214184,-9.09414393830561,2.39271869630237,-3.80075767049398,0.000144254325005019,0.0216525572095159
"MSTRG.32309",11.2409107159097,-12.5236906242571,3.2954643174584,-3.80028105839603,0.000144532067187446,0.0216525572095159
"MSTRG.45397|LOC111135860",229.842475923827,-4.21490162475746,1.10889185575684,-3.8010033195534,0.000144111371187876,0.0216525572095159
"MSTRG.6662|LOC111099481",3.18509838386402,18.1709131750429,4.78682995253062,3.79602228515275,0.000147036286813167,0.0219347740017844
"MSTRG.50589",15.0024489197469,-13.4867135666128,3.55246154982192,-3.79644181294203,0.000146787796240687,0.0219347740017844
"MSTRG.39975",7.96224562223413,-15.3940535675834,4.06725653780561,-3.78487401138678,0.000153786467229584,0.022893462914255
"MSTRG.67597",9.16546821098561,-18.2358550501114,4.82619870363801,-3.77851310522401,0.000157767551100482,0.0234367674492987
"MSTRG.55478",31.5476187047066,-10.1771840086541,2.69638940940233,-3.7743747150045,0.000160409497618495,0.0237792787968583
"MSTRG.67721",38.9872926225885,20.9627691593815,5.55678078247081,3.77246646574754,0.000161641696967607,0.0239118117871892
"MSTRG.53479",41.6770598915905,-15.8814428598654,4.21057951421619,-3.77179502399726,0.000162077376198299,0.0239262074078453
"MSTRG.43",3.99068770073878,18.4733706243008,4.9010508549423,3.76926727982673,0.000163727486498166,0.0241194464536912
"MSTRG.52838",7.7828175123798,-17.4790205868048,4.64443648811908,-3.76343193227378,0.000167597359860764,0.0246382056405707
"MSTRG.69056",109.011869280958,-4.46137285420878,1.18583895077385,-3.7622080564122,0.000168419849289815,0.024707750960855
"MSTRG.65820",11.6420800590208,-18.073883792652,4.80973419027686,-3.7577718596569,0.000171433071112921,0.0250911919364344
"MSTRG.64200",53.2409270485486,12.4264857872749,3.30727429640916,3.75731937346923,0.000171743249243177,0.0250911919364344
"MSTRG.59386",4286.1105386419,-0.942159948995154,0.250820395590717,-3.75631314501453,0.000172434909373447,0.0251402987148574
"MSTRG.61345|LOC111106613",24.9627610524468,-16.7785863925134,4.46964073163358,-3.75390045865746,0.000174104025723968,0.0252948033061754
"MSTRG.78361",4.16369370534536,-20.4395837378699,5.44511361421155,-3.75374788958,0.000174210083439739,0.0252948033061754
"MSTRG.70825|LOC111111233",3.41951682246212,20.3761132868195,5.43234156295861,3.75088956588402,0.000176208301461794,0.025532510665297
"MSTRG.53829",49.1865237611986,10.748015222416,2.86864788359495,3.74671819566322,0.000179163165662409,0.0259075799737313
"MSTRG.32176",4.7682908128072,5.05852955278151,1.35067673839657,3.74518151455444,0.000180263396507244,0.0259311878216499
"MSTRG.76508|LOC111111511",123.567943133124,3.93723387291751,1.05126731359743,3.74522618747111,0.000180231322196819,0.0259311878216499
"MSTRG.26767",12.9162035482765,-16.8704736608417,4.50546763231125,-3.74444453664565,0.000180793307916355,0.0259311878216499
"MSTRG.12015",10.4611993460891,27.3079803206133,7.29230479388135,3.74476672224757,0.000180561465916257,0.0259311878216499
"MSTRG.57711|LOC111104020",69.3428815948713,-4.03408634134513,1.07771331327101,-3.74319059778627,0.000181698298695021,0.0259837197484411
"MSTRG.38983",20.740086520132,-9.30366501323378,2.48600731057813,-3.74241257201701,0.000182261953518219,0.0259837197484411
"MSTRG.55001",1.58311570550477,18.4538794293383,4.93058719503574,3.74273462761559,0.000182028435414857,0.0259837197484411
"MSTRG.1620",4.2725948079973,-7.87964263550088,2.10662425488198,-3.74041199670054,0.00018371886380385,0.0261387214857828
"MSTRG.22769|LOC111125992",50.7251837362264,-3.80804188323703,1.01832165910319,-3.73952753454215,0.000184366453399338,0.0261781853138968
"MSTRG.79545",6.13322412794178,19.9821094266089,5.34863220258449,3.73592886363609,0.00018702353788771,0.0264492427751557
"MSTRG.44",1.9312106276235,18.4115331242425,4.92791031465016,3.73617455445708,0.000186840992892304,0.0264492427751557
"MSTRG.50824|LOC111102300",2.35537022881932,23.3540459109448,6.25517523430125,3.73355582156662,0.000188795326385912,0.0266465196089305
"MSTRG.4737",1163.67096144119,-1.30563496188019,0.349902111228801,-3.73142921971807,0.000190396507389555,0.0268189789522367
"MSTRG.56018",6.34526033803165,-14.9333558265755,4.00448497637009,-3.7291576606468,0.000192120923556787,0.027008076790505
"MSTRG.42588|LOC111135063",11.2117569088854,-17.0563297697986,4.57969291379912,-3.72433918405445,0.000195827495005461,0.0274727373377824
"MSTRG.44474",12.5971780033657,28.0339020610028,7.52819292431987,3.72385542491069,0.000196203311444897,0.0274727373377824
"MSTRG.52055",16.6542899745083,-4.74211582215864,1.2743853625506,-3.72110035277523,0.000198356588302805,0.0277193531926475
"MSTRG.5028",12.6744335334804,7.25784450253682,1.95466428106574,3.71309005481986,0.000204743991327849,0.0284993156905188
"MSTRG.27392|LOC111129886",5.17564398620497,-21.126901134467,5.68931661048847,-3.71343389389136,0.000204465891406968,0.0284993156905188
"MSTRG.29907|LOC111128450",149.890491022366,-3.91337893206778,1.05645487936633,-3.70425562747654,0.00021201237957413,0.0294530596700713
"MSTRG.40084",44.0349296187051,-14.3948565975553,3.88869016171096,-3.70172371645619,0.000214139726073413,0.0296321608030863
"MSTRG.27635",28.7798297492005,-2.66658534443386,0.720309785068446,-3.70199794548184,0.000213908350840506,0.0296321608030863
"MSTRG.46065|LOC111133837",2.67140325401305,20.0845527607911,5.42871014014567,3.69969149987665,0.000215861706120376,0.0298121037138241
"MSTRG.50982",3.3096048417492,-24.9126312876583,6.7369514646604,-3.69790867847882,0.000217383061630315,0.0299636913663571
"MSTRG.33496|LOC111129466",9.33910580854736,-4.74280784655616,1.28380156747538,-3.69434651484573,0.000220453005068687,0.0303277284852372
"MSTRG.44476",7.3925981350024,27.7909883674774,7.52846037893097,3.691457080023,0.000222973026484195,0.0306148459722794
"MSTRG.16734",335.418885372748,-2.05873355466582,0.558031429400828,-3.68927885813946,0.000224890613132899,0.0308182948551171
"MSTRG.77172|LOC111114780",23.1322296703693,7.31920354786009,1.98616624780287,3.6850910924283,0.000228620858291258,0.0312688771965825
"MSTRG.11143",6.056729184262,5.99069695426734,1.62671539469481,3.68269518675777,0.0002307810433882,0.0315033945154885
"MSTRG.4478",79.4647148282189,-16.6198043142221,4.51601478927739,-3.68019262330217,0.000233057837080412,0.0317372712232601
"MSTRG.30754",657.902730690365,2.31363604444869,0.628734958596173,3.67982726714374,0.000233391990441307,0.0317372712232601
"MSTRG.79839",47.149305519266,-24.2347642031438,6.58935660710539,-3.67786502509383,0.000235194354512894,0.0318970185615389
"MSTRG.21897",142.402743379905,-7.61116735030839,2.06987986816983,-3.67710583949885,0.000235895181429923,0.0318970185615389
"MSTRG.59400|LOC111103265",12.2523544217878,17.9714456815044,4.8874244567604,3.67707896879017,0.000235920022453152,0.0318970185615389
"MSTRG.64467",4.88030245395364,17.4964153188933,4.76572954205777,3.67129841601096,0.00024132137487274,0.0325650300355464
"MSTRG.74511",5.75067477467273,-16.6579811192116,4.5420816297825,-3.66747726636723,0.000244955321475637,0.0329924490225976
"MSTRG.22948",7.62995277758919,9.0660289843884,2.47347786178335,3.66529619062444,0.000247052491411429,0.0332116515593034
"MSTRG.45120|LOC111135214",72.9697975529514,-6.27239602515792,1.71188783913079,-3.66402277169207,0.000248284696803819,0.0333139643182065
"MSTRG.81342",10.0960528101451,-7.53637982801067,2.05798981810041,-3.66201025958768,0.000250243835174709,0.0335132421004523
"MSTRG.12352|LOC111118900",0.871941862199302,27.8347838673105,7.60646134693676,3.65936045655711,0.0002528454809051,0.0337338807552463
"MSTRG.41635",47.0335907146959,-7.80645121452417,2.1332674050321,-3.65938709610889,0.000252819199734662,0.0337338807552463
"MSTRG.78375",41.9130686915173,-15.1180407128288,4.13472120884203,-3.65636277495547,0.000255819255199087,0.0340663565995907
"MSTRG.22531|LOC111125286",11.6531174014495,-15.7623703770007,4.31311623985833,-3.6545201892167,0.000257663388365515,0.0342474358171314
"MSTRG.44217|LOC111138063",31.2102539314535,-2.90208346720764,0.795158244153761,-3.64969298695527,0.000262553923333056,0.0347667611850257
"MSTRG.60143",1.43187338588294,22.7299031996832,6.22768571402148,3.64981539587127,0.000262428840233141,0.0347667611850257
"MSTRG.34354|LOC111137599",1.44271212184267,22.7076944330913,6.22704164660983,3.646626395289,0.000265705809074818,0.0351183616177373
"MSTRG.72423",13.5003458940272,-16.2081931970541,4.44844034453923,-3.64356761959296,0.000268884970171477,0.0354722483690211
"MSTRG.70915",823.408352903806,-1.85360664288229,0.508891580980894,-3.64243919954313,0.000270066778946105,0.0355366067717924
"MSTRG.48766",98.4497197491181,-14.4484397645216,3.96701620330903,-3.642142866084,0.000270377938980135,0.0355366067717924
"MSTRG.46584",3.89991550212166,27.4536246441029,7.54051556299025,3.64081532817844,0.000271776027341042,0.0356540902955703
"MSTRG.72144",112.062174792052,7.64166826466461,2.09929587825562,3.64011016446826,0.00027252141890193,0.0356856704666191
"MSTRG.41404|LOC111132801",0.6997859217617,20.1403265136581,5.53580897261298,3.63819030123643,0.000274560527087027,0.0358862281531437
"MSTRG.43176",604.19383808448,-5.48583846579181,1.50805833539488,-3.63768319635684,0.000275101511252053,0.0358905958711143
"MSTRG.8377",52.3624125335967,-4.36624677823181,1.20060510622369,-3.63670515442429,0.000276147717940438,0.035960739011577
"MSTRG.38524",77.3206154799684,-14.1136226052215,3.88458263325889,-3.63324041156544,0.00027988401446752,0.036298737266528
"MSTRG.47301",944.094499210736,-2.15874800961603,0.594147034829594,-3.63335653141006,0.000279758030098631,0.036298737266528
"MSTRG.13835|LOC111118714",1.12882079393108,20.2957866336278,5.58670454457241,3.63287273771181,0.00028028327343022,0.036298737266528
"MSTRG.17155",42.7646491301591,-16.2594882486222,4.4785082923417,-3.6305589243691,0.000282808128512444,0.036558767047977
"MSTRG.55164",6.83350125954149,12.7724645121086,3.52448976010102,3.62391874611164,0.000290172798830229,0.0374423517848253
"MSTRG.74530",9.88044339718435,-5.69652003177492,1.57254504690442,-3.62248448334667,0.00029178696893874,0.0374456413078534
"MSTRG.29716|LOC111129413",11.4227566400807,-17.7165740067906,4.89059250325799,-3.62258233434666,0.000291676577156433,0.0374456413078534
"MSTRG.14090|LOC111118959",200.863774070428,-2.79055097975828,0.770161777235851,-3.62333091856845,0.000290833346470674,0.0374456413078534
"MSTRG.82072",3.25728033912045,13.5961095015855,3.7566356785863,3.61922493019126,0.000295486718018075,0.0378517415177103
"MSTRG.23506|LOC111126370",18.7931291152775,-15.491163330096,4.28320166170232,-3.61672518681718,0.000298353767334965,0.038149897363513
"MSTRG.29693",11.559643174357,8.42059047282881,2.32977937986026,3.61432955653247,0.000301125836655858,0.0384348538551848
"MSTRG.71438",18.9548142614368,-14.9218407380343,4.13890953342727,-3.60525897401726,0.000311841797911918,0.0397308925624318
"MSTRG.79309",127.050325288912,-17.0323871008773,4.72609262809911,-3.60390462929372,0.000313472120005973,0.0398667753196805
"MSTRG.10790|LOC111119533",52.6300611888779,-4.19934679857253,1.16562890646045,-3.6026446970368,0.000314995952478455,0.0399886513387864
"MSTRG.23038",1205.69638995573,1.39279709439574,0.386892132420302,3.59996230908792,0.000318263309728278,0.0403310338605667
"MSTRG.54476",3.71777646700975,-22.2358578791932,6.18313076861311,-3.59621342509319,0.000322882922872339,0.0408432457231234
"MSTRG.6784",19.7038889744988,-8.75616249889924,2.43594950138137,-3.59455830013465,0.000324942379235901,0.040957220281907
"MSTRG.25951",83.6658192563708,-4.53773496636978,1.26224167729355,-3.59498109434907,0.000324415134414722,0.040957220281907
"MSTRG.74234",19.6367589669386,24.8462551671168,6.91642695307003,3.59235416432587,0.000327704055948841,0.0412318176160116
"MSTRG.74931|LOC111115870",31.4899930634977,-27.2250969247138,7.58020314436541,-3.59160518606299,0.000328647479347109,0.0412770726680523
"MSTRG.80911",7.46464905144162,-15.8267631670359,4.40940305724263,-3.58932103996249,0.000331540340657519,0.0415665762911947
"MSTRG.30488",12.1024628723159,-7.11424765581285,1.98245457618248,-3.58860563126365,0.000332451291789519,0.0416070146791658
"MSTRG.32034",36.9890332912151,-6.67556785911455,1.86070053719366,-3.58766374581841,0.000333654194394856,0.0416837839926761
"MSTRG.17045",137.925482006074,3.11345133787891,0.868356592944657,3.58545252396943,0.000336494216828652,0.0419644489703189
"MSTRG.60083",90.4671160636044,-16.6209955058703,4.63799399168397,-3.58366042208596,0.000338812512115277,0.042179175253844
"MSTRG.41694",71.2945941269568,-15.7640625726232,4.40116317021159,-3.58179462177617,0.000341242016978316,0.0424069670695145
"MSTRG.16678",62.2073472802342,-6.80311511663078,1.90084427977464,-3.57899654854281,0.000344916022751755,0.0427883454119286
"MSTRG.70278",23.6523220613815,-14.1221347193409,3.94855720744746,-3.57653035714028,0.000348184899006557,0.0431182178522814
"MSTRG.40309|LOC111137955",24.1475951933732,-5.73383531386803,1.60379351099422,-3.57517054069729,0.000349999673729069,0.0431916700332569
"MSTRG.21433|LOC111125377",54.0357464071616,-6.37253182965094,1.78240183071151,-3.57524982293533,0.000349893623363675,0.0431916700332569
"MSTRG.54902",12.3463671775061,-16.8255768437147,4.70839913527003,-3.57352390065584,0.000352209078407585,0.0433885995527504
"MSTRG.55563",101.504884626363,-8.10192469236278,2.27094549518563,-3.56764383360972,0.000360205662327521,0.0442965262414632
"MSTRG.72603",318.999204463903,1.75049020622766,0.491035949766067,3.56489215720683,0.000364005826400012,0.0446861388725196
"MSTRG.31039",1021.8555618403,1.36455851519424,0.382938386533142,3.56338921137682,0.000366097245201356,0.04486499533004
"MSTRG.7045",4.5057972078446,8.06819277153743,2.26535319199392,3.56156064319311,0.000368656932235478,0.0451005196112506
"MSTRG.71801",26.7933168861773,7.33073921871111,2.05886100538426,3.56057995150719,0.000370036618886329,0.0451911215165306
"MSTRG.22624",28.9463405500886,-7.53464295045289,2.11792044705506,-3.55756655587782,0.000374306280970983,0.0455552004023049
"MSTRG.58928",223.162963177408,-4.0528542083916,1.13921129343242,-3.55759658612622,0.000374263505032341,0.0455552004023049
"MSTRG.8589",38.4506567211648,6.15122430446675,1.73000061945831,3.55561971208587,0.000377089193074714,0.0458150411194263
"MSTRG.5279",19.6654643901021,-15.2944702655055,4.30340321132147,-3.55404072415722,0.000379360465662311,0.0460119346268399
"MSTRG.66210|LOC111108005",14.4658623863185,-6.02658664941382,1.69780357683193,-3.54963714981641,0.000385762462551322,0.0466652201676212
"MSTRG.25495|LOC111123354",13.9311879341205,-6.27473772643645,1.76781576505803,-3.54942966934707,0.000386066578015562,0.0466652201676212
"MSTRG.47299|LOC111099655",12.1006354478092,26.0879767914779,7.35325552612425,3.54781316911863,0.000388443655200703,0.0468643743312227
"MSTRG.77543",19.8194768881789,-4.87704480588291,1.37481875700236,-3.54740927198052,0.000389039721294109,0.0468643743312227
"MSTRG.69952|LOC111112064",4.87702340230756,-20.4387387410192,5.76568987900929,-3.54489040685816,0.000392776358620443,0.0472340290721261
"MSTRG.29187|LOC111129499",18.0213946947227,-3.84348740819049,1.08502343933841,-3.54230818325366,0.000396641777466805,0.0476178891790412
"MSTRG.22631|LOC111124011",22.4783951300315,-4.21427732243544,1.18989928088908,-3.54170927751681,0.000397543363430185,0.0476452352059522
"MSTRG.74050",10.922577871781,-5.93339798748369,1.67648624541621,-3.53918679840445,0.000401361731110104,0.0480214710127353
"MSTRG.73125",37.736702974851,-16.8912328026835,4.77809154244137,-3.53514214883646,0.00040755585095319,0.0486802057039714
"MSTRG.32996",5.75360825488258,5.72662300690351,1.6204041483328,3.53407081362728,0.000409211426510263,0.0487133824578573
"MSTRG.9731|LOC111118928",41.4530591613701,-16.459997062071,4.65745065410644,-3.53412162242843,0.000409132768027445,0.0487133824578573
"MSTRG.37792|LOC111136844",18.3937122294673,24.2766970745432,6.87547241214101,3.5309133131964,0.0004141274467916,0.0492157409917324
"MSTRG.53136|LOC111100653",15.1560509275167,-15.1907512828126,4.30477912682061,-3.52881084842838,0.000417431378670913,0.0495251513711392
"MSTRG.74786",6.33897258825248,-5.75422255382449,1.63104511494147,-3.52793586217324,0.000418813622197826,0.0496059129635352
"MSTRG.45118",11.0690087685246,-7.02419284507887,1.99244614878565,-3.52541164003854,0.000422825205650106,0.0499973129042218
